               epoch,      train/box_loss,      train/obj_loss,      train/cls_loss,   metrics/precision,      metrics/recall,     metrics/mAP_0.5,metrics/mAP_0.5:0.95,        val/box_loss,        val/obj_loss,        val/cls_loss,               x/lr0,               x/lr1,               x/lr2
                   0,            0.067804,            0.023084,            0.063513,             0.10045,             0.32716,             0.13989,            0.055616,            0.030028,           0.0077371,            0.040907,            0.070091,           0.0033233,           0.0033233
                   1,            0.045867,            0.014894,            0.053315,             0.50231,             0.49136,             0.51001,             0.26319,            0.022883,           0.0054587,            0.031019,            0.040077,           0.0066434,           0.0066434
                   2,            0.044453,             0.01228,             0.04113,             0.55378,             0.57253,             0.50326,             0.26391,            0.026874,           0.0062275,             0.02182,            0.010051,           0.0099504,           0.0099504
                   3,             0.04237,            0.011451,            0.030865,             0.65583,             0.83148,             0.79768,             0.50119,             0.01953,           0.0047703,            0.013314,           0.0099406,           0.0099406,           0.0099406
                   4,            0.038295,            0.010933,            0.026042,             0.76375,             0.89296,             0.88265,             0.58014,            0.020186,            0.004377,           0.0097268,           0.0099406,           0.0099406,           0.0099406
                   5,            0.035874,            0.010536,            0.023104,             0.67223,             0.57035,             0.66261,             0.37672,            0.024527,           0.0075463,            0.020175,           0.0099208,           0.0099208,           0.0099208
                   6,            0.034914,            0.010697,             0.02287,             0.87355,             0.93343,             0.91629,             0.63313,            0.018749,           0.0043639,           0.0076567,            0.009901,            0.009901,            0.009901
                   7,            0.034626,            0.010259,              0.0195,             0.82965,             0.95957,             0.92421,             0.63172,            0.017844,           0.0040336,           0.0060126,           0.0098812,           0.0098812,           0.0098812
                   8,            0.032751,           0.0098697,            0.017068,             0.89266,             0.92175,             0.93578,             0.68469,             0.01658,           0.0039003,           0.0065375,           0.0098614,           0.0098614,           0.0098614
                   9,            0.032318,           0.0097044,            0.018167,             0.88323,             0.95515,             0.93966,             0.67644,            0.015717,           0.0039568,           0.0058833,           0.0098416,           0.0098416,           0.0098416
                  10,            0.031186,           0.0096783,            0.018119,             0.90354,             0.96011,             0.95847,             0.67134,            0.016237,           0.0039006,           0.0056676,           0.0098218,           0.0098218,           0.0098218
                  11,            0.030664,           0.0094156,            0.016851,             0.91289,             0.95597,             0.96157,             0.74629,            0.014819,           0.0035632,           0.0050308,            0.009802,            0.009802,            0.009802
                  12,            0.029587,           0.0091516,            0.014261,             0.92877,             0.91469,             0.95526,             0.72845,            0.013238,           0.0039083,            0.005342,           0.0097822,           0.0097822,           0.0097822
                  13,            0.028541,           0.0092399,            0.014359,             0.95889,              0.9202,             0.97126,             0.75756,            0.015925,           0.0035476,           0.0046217,           0.0097624,           0.0097624,           0.0097624
                  14,            0.029702,           0.0090073,            0.013277,             0.95431,             0.97114,             0.98444,              0.7742,            0.013253,           0.0035336,           0.0038553,           0.0097426,           0.0097426,           0.0097426
                  15,             0.02831,           0.0090726,            0.013147,              0.9487,             0.97525,             0.98972,             0.77442,            0.012535,           0.0034988,           0.0032084,           0.0097228,           0.0097228,           0.0097228
                  16,            0.027938,           0.0087726,            0.011612,             0.98825,             0.97254,             0.98904,             0.78076,            0.012685,           0.0033831,           0.0026426,            0.009703,            0.009703,            0.009703
                  17,            0.027099,           0.0088686,            0.011588,             0.98839,             0.98302,              0.9927,             0.78498,            0.012141,           0.0034022,           0.0021795,           0.0096832,           0.0096832,           0.0096832
                  18,            0.027146,           0.0088106,            0.012971,             0.95442,             0.96927,             0.98239,             0.77698,             0.01196,           0.0034779,           0.0031412,           0.0096634,           0.0096634,           0.0096634
                  19,            0.026508,           0.0086278,            0.010769,             0.96225,             0.97491,             0.98992,             0.79017,            0.012827,           0.0034151,           0.0026079,           0.0096436,           0.0096436,           0.0096436
                  20,            0.026636,           0.0086219,             0.01135,             0.97396,             0.98183,             0.99051,             0.79324,            0.012811,           0.0033382,           0.0021097,           0.0096238,           0.0096238,           0.0096238
                  21,            0.026133,           0.0085982,            0.011137,             0.98953,             0.97995,             0.99288,             0.81063,            0.011455,           0.0032677,            0.001888,            0.009604,            0.009604,            0.009604
                  22,            0.025646,            0.008519,           0.0099302,             0.98508,             0.99122,             0.99326,             0.79708,            0.011581,           0.0031684,           0.0016738,           0.0095842,           0.0095842,           0.0095842
                  23,            0.025351,           0.0080218,             0.00963,             0.98923,             0.98422,             0.99287,             0.81473,            0.010638,           0.0030654,           0.0018222,           0.0095644,           0.0095644,           0.0095644
                  24,            0.025061,           0.0082726,             0.01046,              0.9734,             0.97095,             0.99023,             0.80344,            0.011356,           0.0032672,           0.0024978,           0.0095446,           0.0095446,           0.0095446
                  25,            0.024668,           0.0084899,            0.010233,             0.98975,             0.97578,             0.99335,              0.8245,            0.010748,           0.0030987,           0.0019581,           0.0095248,           0.0095248,           0.0095248
                  26,            0.024531,           0.0085436,            0.010212,             0.98942,             0.98114,             0.99216,             0.80657,            0.011236,           0.0031714,           0.0019406,            0.009505,            0.009505,            0.009505
                  27,            0.023943,           0.0080003,           0.0095292,              0.9805,             0.98198,             0.99183,             0.82482,           0.0098358,           0.0030277,           0.0019253,           0.0094852,           0.0094852,           0.0094852
                  28,            0.023716,            0.008146,           0.0092584,             0.97731,             0.97559,             0.99011,             0.80722,            0.011098,           0.0033374,           0.0020287,           0.0094654,           0.0094654,           0.0094654
                  29,            0.024175,           0.0081481,           0.0093528,             0.99163,             0.98717,             0.99359,             0.81515,            0.010719,           0.0031841,           0.0013945,           0.0094456,           0.0094456,           0.0094456
                  30,            0.023632,           0.0081773,           0.0093757,             0.98736,             0.98444,             0.99231,             0.81179,            0.010674,           0.0031473,           0.0016977,           0.0094258,           0.0094258,           0.0094258
                  31,            0.023219,           0.0080479,           0.0094047,             0.98783,              0.9799,             0.99235,             0.82858,            0.010622,           0.0031306,           0.0017165,            0.009406,            0.009406,            0.009406
                  32,            0.023842,           0.0078393,           0.0083791,             0.98556,             0.99082,             0.99405,               0.841,           0.0098624,           0.0030363,           0.0014715,           0.0093862,           0.0093862,           0.0093862
                  33,              0.0234,           0.0079526,           0.0083437,             0.99533,             0.98581,             0.99404,             0.82644,            0.009734,           0.0029341,           0.0014296,           0.0093664,           0.0093664,           0.0093664
                  34,            0.022768,           0.0076303,           0.0077834,              0.9897,             0.98245,             0.99289,             0.82488,            0.010432,           0.0029451,           0.0016021,           0.0093466,           0.0093466,           0.0093466
                  35,            0.022953,           0.0077975,           0.0077103,             0.99049,             0.98768,             0.99259,             0.83674,            0.009275,           0.0028921,           0.0013863,           0.0093268,           0.0093268,           0.0093268
                  36,             0.02322,           0.0076604,           0.0072985,             0.98828,             0.97616,             0.99192,             0.82908,           0.0092689,           0.0030138,           0.0018605,            0.009307,            0.009307,            0.009307
                  37,            0.021939,           0.0077006,           0.0073322,               0.987,             0.98295,             0.99289,             0.84846,           0.0092797,           0.0030058,            0.001697,           0.0092872,           0.0092872,           0.0092872
                  38,            0.023081,           0.0079111,           0.0078473,             0.98968,             0.98644,              0.9934,             0.83418,           0.0099962,           0.0030705,           0.0016602,           0.0092674,           0.0092674,           0.0092674
                  39,            0.022626,           0.0075607,           0.0074327,             0.99062,             0.98894,             0.99323,             0.84427,           0.0092348,           0.0028471,            0.001306,           0.0092476,           0.0092476,           0.0092476
                  40,            0.022215,           0.0075574,           0.0075178,             0.98959,             0.98697,             0.99249,              0.8395,           0.0096654,           0.0029113,           0.0014805,           0.0092278,           0.0092278,           0.0092278
                  41,            0.021859,           0.0076405,           0.0074762,             0.99373,             0.99294,             0.99407,             0.84933,           0.0092759,           0.0027897,           0.0010771,            0.009208,            0.009208,            0.009208
                  42,            0.022252,           0.0076244,           0.0077394,             0.99349,             0.98611,             0.99322,             0.83581,           0.0098881,           0.0029336,           0.0014167,           0.0091882,           0.0091882,           0.0091882
                  43,             0.02168,           0.0074118,           0.0071525,             0.99087,             0.98608,              0.9932,             0.84791,            0.009036,           0.0028863,           0.0017927,           0.0091684,           0.0091684,           0.0091684
                  44,            0.021866,           0.0076832,           0.0078817,              0.9914,             0.98855,             0.99389,             0.85651,           0.0086372,            0.002821,           0.0011565,           0.0091486,           0.0091486,           0.0091486
                  45,            0.021395,            0.007495,           0.0072501,             0.99328,             0.99053,             0.99382,             0.84529,           0.0089872,           0.0028822,           0.0012062,           0.0091288,           0.0091288,           0.0091288
                  46,            0.021744,           0.0076388,           0.0073831,              0.9906,             0.98501,             0.99185,             0.83862,           0.0093139,           0.0029166,           0.0015108,            0.009109,            0.009109,            0.009109
                  47,            0.020882,           0.0074345,           0.0067788,             0.99308,             0.98578,             0.99376,             0.85657,           0.0085328,           0.0028801,            0.001144,           0.0090892,           0.0090892,           0.0090892
                  48,            0.021289,           0.0073487,           0.0069274,             0.99414,             0.98544,             0.99338,             0.85394,           0.0088063,           0.0027709,           0.0012191,           0.0090694,           0.0090694,           0.0090694
                  49,            0.020455,           0.0071409,           0.0065357,             0.99137,             0.98606,             0.99408,             0.85516,           0.0090265,           0.0028135,           0.0011773,           0.0090496,           0.0090496,           0.0090496
                  50,            0.021122,           0.0071941,           0.0068202,             0.99003,             0.98807,             0.99387,             0.85048,           0.0091266,           0.0027752,           0.0011065,           0.0090298,           0.0090298,           0.0090298
                  51,            0.021011,           0.0072106,           0.0064629,             0.99012,             0.98972,             0.99384,             0.85842,           0.0085773,           0.0028057,           0.0012176,             0.00901,             0.00901,             0.00901
                  52,             0.02079,           0.0073374,           0.0062174,             0.99362,             0.98959,             0.99383,             0.85186,           0.0085602,           0.0027512,           0.0011296,           0.0089902,           0.0089902,           0.0089902
                  53,            0.020622,           0.0071127,           0.0054773,              0.9965,              0.9912,             0.99419,             0.86064,           0.0084398,           0.0027936,           0.0010054,           0.0089704,           0.0089704,           0.0089704
                  54,            0.020976,           0.0072405,           0.0067003,             0.99369,             0.98787,             0.99335,             0.84979,           0.0088925,           0.0028853,          0.00085743,           0.0089506,           0.0089506,           0.0089506
                  55,            0.021236,           0.0072368,           0.0069415,             0.99298,             0.98759,             0.99339,             0.84829,           0.0089363,           0.0027299,           0.0014208,           0.0089308,           0.0089308,           0.0089308
                  56,            0.021066,            0.007246,            0.006412,             0.99576,             0.98894,             0.99419,             0.85761,           0.0083929,           0.0027438,          0.00087259,            0.008911,            0.008911,            0.008911
                  57,            0.020114,           0.0072545,           0.0063503,              0.9907,             0.98638,              0.9944,             0.85638,           0.0084776,           0.0027517,           0.0011157,           0.0088912,           0.0088912,           0.0088912
                  58,            0.020096,           0.0071072,           0.0060703,              0.9952,             0.98715,             0.99399,             0.85679,           0.0083246,           0.0026916,           0.0013062,           0.0088714,           0.0088714,           0.0088714
                  59,             0.01997,           0.0072238,           0.0065104,             0.99266,             0.99259,             0.99381,             0.85671,           0.0083715,           0.0027493,          0.00083582,           0.0088516,           0.0088516,           0.0088516
                  60,            0.020408,           0.0072901,           0.0069257,             0.99157,             0.98513,             0.99295,             0.85029,           0.0086002,           0.0028733,           0.0013807,           0.0088318,           0.0088318,           0.0088318
                  61,            0.020407,           0.0071484,           0.0056772,             0.99616,             0.98528,             0.99412,             0.85721,           0.0083739,           0.0027077,          0.00098953,            0.008812,            0.008812,            0.008812
                  62,            0.020637,           0.0069897,           0.0061269,             0.99332,             0.99154,             0.99415,             0.84581,           0.0085381,           0.0027328,           0.0011544,           0.0087922,           0.0087922,           0.0087922
                  63,            0.020053,           0.0069067,            0.005538,             0.99093,             0.99234,             0.99487,             0.86156,           0.0080483,           0.0026588,           0.0011527,           0.0087724,           0.0087724,           0.0087724
                  64,            0.020024,           0.0068467,           0.0059651,             0.99066,             0.98473,             0.99267,             0.85557,           0.0082197,           0.0027876,           0.0015504,           0.0087526,           0.0087526,           0.0087526
                  65,            0.020685,           0.0072695,           0.0058844,             0.99409,             0.98471,             0.99375,              0.8574,           0.0086433,           0.0027446,           0.0012393,           0.0087328,           0.0087328,           0.0087328
                  66,            0.019435,           0.0071274,           0.0060992,             0.99446,             0.98755,             0.99292,              0.8545,           0.0083835,           0.0027279,           0.0012193,            0.008713,            0.008713,            0.008713
                  67,            0.019866,           0.0070173,           0.0058622,             0.99433,             0.98715,             0.99359,             0.86168,           0.0082707,           0.0027325,           0.0014144,           0.0086932,           0.0086932,           0.0086932
                  68,            0.019513,           0.0069635,           0.0056926,             0.99283,             0.98723,             0.99348,             0.86182,           0.0080254,           0.0026672,           0.0013159,           0.0086734,           0.0086734,           0.0086734
                  69,            0.019694,           0.0070199,           0.0067197,             0.99479,             0.99163,             0.99416,             0.86582,           0.0081246,           0.0027261,          0.00092215,           0.0086536,           0.0086536,           0.0086536
                  70,            0.019985,           0.0070588,           0.0060117,              0.9892,             0.99081,             0.99399,             0.86003,           0.0081529,           0.0027091,          0.00088795,           0.0086338,           0.0086338,           0.0086338
                  71,            0.019226,           0.0069033,           0.0049094,             0.98707,              0.9883,             0.99399,             0.86376,           0.0081862,           0.0027389,          0.00090346,            0.008614,            0.008614,            0.008614
                  72,            0.019376,           0.0069708,           0.0063485,             0.99128,             0.98473,             0.99347,             0.86108,           0.0079632,            0.002714,           0.0011327,           0.0085942,           0.0085942,           0.0085942
                  73,            0.019268,            0.006959,           0.0054389,             0.99175,             0.98461,             0.99407,             0.86164,           0.0079776,             0.00271,           0.0014269,           0.0085744,           0.0085744,           0.0085744
                  74,            0.019663,           0.0070696,           0.0060107,             0.99373,             0.98858,             0.99343,             0.86911,           0.0080581,           0.0026319,           0.0011604,           0.0085546,           0.0085546,           0.0085546
                  75,            0.019578,           0.0069494,           0.0050905,              0.9938,             0.97797,             0.99263,             0.86419,           0.0079292,           0.0027003,           0.0015015,           0.0085348,           0.0085348,           0.0085348
                  76,            0.019764,           0.0067213,            0.004818,             0.99287,             0.99604,              0.9946,             0.86777,           0.0079349,           0.0026323,          0.00072744,            0.008515,            0.008515,            0.008515
                  77,            0.019285,           0.0067735,           0.0045593,             0.99617,              0.9928,              0.9947,              0.8691,           0.0077917,            0.002573,          0.00084412,           0.0084952,           0.0084952,           0.0084952
                  78,            0.018793,           0.0067437,            0.004562,             0.99112,              0.9918,              0.9935,             0.87137,           0.0076658,           0.0025673,          0.00081901,           0.0084754,           0.0084754,           0.0084754
                  79,            0.018738,           0.0067277,           0.0053666,             0.99437,             0.99667,             0.99355,             0.87114,           0.0078365,           0.0025629,           0.0007933,           0.0084556,           0.0084556,           0.0084556
                  80,            0.019267,           0.0068019,           0.0046264,             0.99555,             0.99248,             0.99413,             0.87319,           0.0076134,           0.0025973,          0.00082772,           0.0084358,           0.0084358,           0.0084358
                  81,            0.018623,           0.0067783,           0.0056985,             0.99558,             0.99125,             0.99427,             0.86811,            0.007895,           0.0026929,          0.00076484,            0.008416,            0.008416,            0.008416
                  82,             0.01948,           0.0069489,           0.0052246,             0.99621,             0.98733,             0.99416,             0.86657,           0.0079068,           0.0026675,          0.00085531,           0.0083962,           0.0083962,           0.0083962
                  83,            0.019143,            0.006762,           0.0055708,             0.99486,             0.99267,             0.99419,             0.86747,           0.0078412,           0.0025727,          0.00099519,           0.0083764,           0.0083764,           0.0083764
                  84,            0.018912,           0.0068168,           0.0050271,             0.99636,             0.99473,             0.99448,               0.876,           0.0074767,           0.0025415,          0.00071691,           0.0083566,           0.0083566,           0.0083566
                  85,            0.018873,           0.0066104,           0.0048129,              0.9964,             0.99204,             0.99409,             0.87022,           0.0076813,           0.0025882,          0.00065633,           0.0083368,           0.0083368,           0.0083368
                  86,            0.018529,           0.0067846,           0.0042542,             0.99294,             0.99746,             0.99421,             0.87379,           0.0075785,           0.0025482,          0.00064719,            0.008317,            0.008317,            0.008317
                  87,            0.018419,           0.0067858,           0.0046379,             0.99529,             0.99214,             0.99423,             0.87589,           0.0075046,           0.0025122,           0.0007835,           0.0082972,           0.0082972,           0.0082972
                  88,            0.019147,           0.0066203,           0.0045316,             0.99535,              0.9916,             0.99422,              0.8742,           0.0075987,           0.0025938,          0.00070323,           0.0082774,           0.0082774,           0.0082774
                  89,            0.019293,            0.006642,           0.0050949,             0.99555,              0.9869,             0.99403,             0.87342,           0.0076081,           0.0025582,          0.00081164,           0.0082576,           0.0082576,           0.0082576
                  90,            0.018244,            0.006536,           0.0037553,             0.99606,               0.994,             0.99423,             0.87326,           0.0075986,           0.0024973,          0.00070499,           0.0082378,           0.0082378,           0.0082378
                  91,            0.018673,           0.0065681,           0.0049789,             0.98825,             0.99419,             0.99415,             0.87504,           0.0075299,            0.002537,          0.00085833,            0.008218,            0.008218,            0.008218
                  92,            0.018537,           0.0068629,           0.0050249,             0.99587,             0.99113,             0.99449,             0.87832,           0.0074884,           0.0026022,          0.00079564,           0.0081982,           0.0081982,           0.0081982
                  93,            0.018048,           0.0063893,           0.0041402,             0.99548,             0.99009,             0.99411,             0.87631,           0.0074863,           0.0024948,          0.00075597,           0.0081784,           0.0081784,           0.0081784
                  94,            0.018794,           0.0065602,           0.0044881,             0.99715,             0.98985,             0.99423,             0.87424,           0.0075819,           0.0025546,          0.00075794,           0.0081586,           0.0081586,           0.0081586
                  95,            0.018296,           0.0065411,            0.004526,             0.99679,             0.99225,             0.99424,             0.87932,           0.0073668,            0.002471,          0.00080833,           0.0081388,           0.0081388,           0.0081388
                  96,            0.018394,           0.0066732,             0.00524,             0.99357,               0.988,             0.99371,             0.87089,           0.0075884,           0.0026085,          0.00096583,            0.008119,            0.008119,            0.008119
                  97,             0.01819,            0.006698,           0.0049375,             0.99612,             0.99294,              0.9942,             0.87659,           0.0073178,           0.0025256,          0.00071641,           0.0080992,           0.0080992,           0.0080992
                  98,            0.017801,           0.0065808,            0.004101,             0.99433,             0.99223,             0.99424,             0.87931,           0.0073016,           0.0025038,           0.0007008,           0.0080794,           0.0080794,           0.0080794
                  99,            0.018484,           0.0066298,           0.0052658,             0.99527,             0.99227,             0.99414,             0.87755,           0.0074361,           0.0025267,          0.00077889,           0.0080596,           0.0080596,           0.0080596
                 100,            0.018375,           0.0064487,           0.0045334,             0.99533,             0.99075,             0.99486,             0.87728,           0.0074177,            0.002523,            0.000717,           0.0080398,           0.0080398,           0.0080398
                 101,             0.01756,           0.0062817,           0.0047174,             0.99462,             0.99386,             0.99384,             0.87948,           0.0072997,           0.0025084,          0.00076484,             0.00802,             0.00802,             0.00802
                 102,            0.018581,           0.0065729,           0.0045484,             0.99533,             0.99314,             0.99465,             0.88307,           0.0072472,           0.0024829,          0.00079721,           0.0080002,           0.0080002,           0.0080002
                 103,            0.018234,           0.0064962,           0.0045557,             0.99367,             0.99599,             0.99427,              0.8824,            0.007178,           0.0024333,          0.00066286,           0.0079804,           0.0079804,           0.0079804
                 104,            0.019119,            0.006571,            0.004343,             0.99456,              0.9928,             0.99367,             0.87654,           0.0073083,           0.0025131,          0.00077045,           0.0079606,           0.0079606,           0.0079606
                 105,            0.018119,            0.006543,            0.004525,             0.99337,              0.9869,             0.99371,             0.88443,           0.0071926,           0.0024973,          0.00096952,           0.0079408,           0.0079408,           0.0079408
                 106,             0.01812,           0.0064643,           0.0050585,             0.99447,                0.99,             0.99306,             0.88054,           0.0072621,           0.0025253,          0.00099394,            0.007921,            0.007921,            0.007921
                 107,            0.017741,            0.006344,           0.0046963,             0.98955,               0.993,             0.99353,             0.87277,           0.0073015,            0.002515,          0.00083439,           0.0079012,           0.0079012,           0.0079012
                 108,            0.017939,           0.0065429,           0.0045772,             0.99441,             0.99091,             0.99465,             0.88151,           0.0072294,           0.0024614,          0.00073236,           0.0078814,           0.0078814,           0.0078814
                 109,            0.017261,           0.0063246,           0.0034541,             0.99248,             0.98727,             0.99304,             0.88039,           0.0072889,           0.0024891,           0.0011331,           0.0078616,           0.0078616,           0.0078616
                 110,            0.017534,            0.006531,            0.004225,             0.99421,             0.98502,             0.99389,              0.8781,           0.0071665,           0.0024527,           0.0010311,           0.0078418,           0.0078418,           0.0078418
                 111,            0.017341,           0.0062353,           0.0044736,             0.99434,             0.99541,             0.99401,              0.8827,           0.0072261,           0.0024997,          0.00077693,            0.007822,            0.007822,            0.007822
                 112,            0.017441,           0.0063588,           0.0043483,             0.99344,             0.99261,             0.99403,             0.88614,           0.0070552,           0.0024601,          0.00077045,           0.0078022,           0.0078022,           0.0078022
                 113,            0.017448,           0.0063739,           0.0041621,             0.99482,             0.99115,             0.99421,             0.88527,           0.0070299,           0.0024409,          0.00084962,           0.0077824,           0.0077824,           0.0077824
                 114,            0.017576,           0.0061442,           0.0034519,             0.99603,              0.9919,             0.99421,             0.88028,           0.0072049,           0.0024573,          0.00079805,           0.0077626,           0.0077626,           0.0077626
                 115,            0.017715,            0.006323,           0.0035994,              0.9954,             0.98662,             0.99415,             0.88838,           0.0069751,           0.0024455,          0.00088399,           0.0077428,           0.0077428,           0.0077428
                 116,            0.017364,           0.0064433,           0.0036567,             0.99529,             0.98877,             0.99379,             0.88083,           0.0070581,           0.0024377,           0.0010215,            0.007723,            0.007723,            0.007723
                 117,            0.017309,           0.0064211,           0.0040531,             0.99604,             0.99058,             0.99418,             0.88492,           0.0070527,           0.0024333,          0.00084541,           0.0077032,           0.0077032,           0.0077032
                 118,            0.017636,           0.0062071,           0.0036823,             0.99073,             0.98969,             0.99479,             0.88488,            0.007074,           0.0024533,          0.00083786,           0.0076834,           0.0076834,           0.0076834
                 119,            0.017477,           0.0064125,           0.0042125,             0.99571,             0.99295,             0.99488,              0.8798,           0.0070466,           0.0024448,          0.00069808,           0.0076636,           0.0076636,           0.0076636
                 120,            0.017248,           0.0062701,           0.0042471,             0.99617,             0.99341,             0.99398,             0.88039,           0.0070753,           0.0024926,          0.00077506,           0.0076438,           0.0076438,           0.0076438
                 121,            0.017322,           0.0064101,            0.004728,             0.99464,             0.98958,             0.99407,             0.88204,           0.0071601,           0.0025016,            0.000785,            0.007624,            0.007624,            0.007624
                 122,             0.01751,           0.0064499,           0.0046147,             0.99573,             0.99148,             0.99348,             0.88423,           0.0070669,           0.0024855,          0.00073754,           0.0076042,           0.0076042,           0.0076042
                 123,            0.017125,           0.0062183,           0.0037635,             0.98927,             0.99135,             0.99353,              0.8864,           0.0069607,           0.0024318,          0.00099313,           0.0075844,           0.0075844,           0.0075844
                 124,            0.016808,           0.0061946,           0.0035039,              0.9959,             0.98416,             0.99483,              0.8889,           0.0069445,           0.0023919,          0.00094201,           0.0075646,           0.0075646,           0.0075646
                 125,            0.017276,           0.0062076,            0.003609,             0.99522,             0.98645,             0.99399,              0.8865,           0.0069225,           0.0024254,           0.0011602,           0.0075448,           0.0075448,           0.0075448
                 126,            0.017214,           0.0063485,             0.00401,             0.99482,              0.9877,             0.99353,             0.88487,           0.0068146,           0.0024434,           0.0012016,            0.007525,            0.007525,            0.007525
                 127,            0.017064,           0.0063772,            0.004501,             0.99729,             0.98654,             0.99353,             0.88693,           0.0069946,           0.0024684,          0.00066436,           0.0075052,           0.0075052,           0.0075052
                 128,            0.017062,           0.0063816,           0.0033823,             0.99668,             0.99148,             0.99348,             0.88999,           0.0068994,           0.0024087,            0.000632,           0.0074854,           0.0074854,           0.0074854
                 129,             0.01697,           0.0062938,           0.0035509,             0.99655,             0.99045,             0.99431,             0.89224,           0.0067744,           0.0023773,           0.0006341,           0.0074656,           0.0074656,           0.0074656
                 130,            0.016756,           0.0061498,           0.0031515,             0.99633,             0.99244,             0.99491,             0.89016,           0.0067694,           0.0023652,          0.00065189,           0.0074458,           0.0074458,           0.0074458
                 131,            0.016817,           0.0060494,           0.0036031,             0.99588,             0.99445,             0.99424,             0.88886,           0.0068539,           0.0023807,           0.0006197,            0.007426,            0.007426,            0.007426
                 132,            0.016889,            0.006066,            0.003391,              0.9964,             0.99224,             0.99426,             0.88991,           0.0068715,           0.0024275,          0.00069805,           0.0074062,           0.0074062,           0.0074062
                 133,            0.017131,           0.0060509,           0.0034547,             0.99585,             0.99028,             0.99421,             0.89089,           0.0068166,           0.0024148,           0.0007871,           0.0073864,           0.0073864,           0.0073864
                 134,            0.016846,           0.0064302,           0.0038813,             0.99442,             0.99008,             0.99355,             0.88981,           0.0067655,           0.0023658,           0.0007769,           0.0073666,           0.0073666,           0.0073666
                 135,            0.017099,           0.0062625,           0.0041771,             0.99515,             0.99054,               0.994,             0.88673,           0.0068376,           0.0023862,          0.00087966,           0.0073468,           0.0073468,           0.0073468
                 136,            0.017431,           0.0063738,           0.0036664,             0.99167,             0.98938,             0.99365,              0.8898,           0.0067632,           0.0023973,           0.0010029,            0.007327,            0.007327,            0.007327
                 137,             0.01712,              0.0062,           0.0038522,             0.99308,             0.98982,             0.99421,             0.88602,           0.0068413,           0.0024046,          0.00074987,           0.0073072,           0.0073072,           0.0073072
                 138,            0.016548,           0.0062471,           0.0037747,             0.99056,             0.99433,             0.99418,             0.89246,           0.0067251,           0.0023751,          0.00070658,           0.0072874,           0.0072874,           0.0072874
                 139,            0.016796,           0.0061192,           0.0037241,             0.99518,             0.99371,             0.99354,             0.89062,           0.0067947,           0.0023193,          0.00074663,           0.0072676,           0.0072676,           0.0072676
                 140,            0.017113,           0.0061552,           0.0033771,             0.99208,             0.99256,             0.99358,             0.88989,           0.0067329,           0.0023294,           0.0006776,           0.0072478,           0.0072478,           0.0072478
                 141,            0.016722,           0.0062132,           0.0036529,              0.9943,             0.99098,             0.99367,             0.88844,           0.0068222,           0.0023475,          0.00068163,            0.007228,            0.007228,            0.007228
                 142,            0.017128,           0.0061773,           0.0038229,             0.99466,             0.99285,             0.99425,             0.89533,           0.0068017,           0.0023223,          0.00075425,           0.0072082,           0.0072082,           0.0072082
                 143,            0.016395,           0.0060393,            0.003453,             0.99324,             0.99379,             0.99421,              0.8959,           0.0066529,           0.0023109,           0.0007959,           0.0071884,           0.0071884,           0.0071884
                 144,            0.016335,           0.0061084,           0.0028731,             0.99551,             0.99184,             0.99421,             0.89437,           0.0066347,           0.0023336,          0.00059952,           0.0071686,           0.0071686,           0.0071686
                 145,            0.016518,           0.0061931,           0.0032429,             0.99731,             0.99281,             0.99425,             0.89126,           0.0067273,           0.0023651,          0.00057407,           0.0071488,           0.0071488,           0.0071488
                 146,            0.016706,           0.0059438,           0.0030124,             0.99738,               0.995,             0.99426,             0.89142,           0.0067103,           0.0023539,          0.00056385,            0.007129,            0.007129,            0.007129
                 147,            0.016982,           0.0061877,           0.0039647,             0.99604,              0.9929,             0.99419,             0.89746,           0.0066545,           0.0023454,          0.00054303,           0.0071092,           0.0071092,           0.0071092
                 148,            0.016529,           0.0061915,           0.0039168,             0.99333,             0.99353,             0.99426,             0.89702,           0.0066214,           0.0023354,          0.00061023,           0.0070894,           0.0070894,           0.0070894
                 149,            0.016557,           0.0062023,           0.0035316,              0.9911,             0.99782,             0.99415,             0.89144,           0.0066144,           0.0023477,          0.00059733,           0.0070696,           0.0070696,           0.0070696
                 150,            0.016202,           0.0060336,           0.0027949,             0.99649,             0.99544,             0.99427,             0.89568,           0.0065926,           0.0023014,          0.00047103,           0.0070498,           0.0070498,           0.0070498
                 151,            0.016645,           0.0059986,           0.0038488,             0.99576,             0.99332,             0.99423,             0.89596,           0.0065568,           0.0022975,          0.00047448,             0.00703,             0.00703,             0.00703
                 152,            0.016193,            0.006102,           0.0031006,             0.99665,             0.99477,             0.99424,             0.89576,            0.006573,           0.0022822,           0.0003998,           0.0070102,           0.0070102,           0.0070102
                 153,            0.016848,           0.0061843,           0.0036175,             0.99589,             0.99284,             0.99475,             0.89574,             0.00652,           0.0022557,          0.00056743,           0.0069904,           0.0069904,           0.0069904
                 154,            0.016503,           0.0062726,            0.002906,             0.99641,             0.99229,             0.99483,             0.89352,           0.0065664,            0.002249,          0.00050894,           0.0069706,           0.0069706,           0.0069706
                 155,            0.016629,           0.0059924,           0.0033485,              0.9971,             0.99397,             0.99495,             0.89765,           0.0065508,           0.0022943,          0.00041331,           0.0069508,           0.0069508,           0.0069508
                 156,            0.016182,           0.0058339,           0.0029733,             0.99526,             0.99668,             0.99431,             0.89963,           0.0064908,           0.0023037,          0.00043349,            0.006931,            0.006931,            0.006931
                 157,            0.016706,           0.0062921,           0.0036507,              0.9965,             0.99227,             0.99474,             0.89797,           0.0065413,           0.0022875,          0.00055071,           0.0069112,           0.0069112,           0.0069112
                 158,            0.016144,           0.0059636,           0.0029171,             0.99721,              0.9922,             0.99429,             0.89732,           0.0065577,           0.0023019,          0.00057293,           0.0068914,           0.0068914,           0.0068914
                 159,            0.016425,           0.0058909,           0.0033719,             0.99543,             0.99501,             0.99423,             0.89944,           0.0064023,           0.0022759,          0.00061697,           0.0068716,           0.0068716,           0.0068716
                 160,            0.016782,           0.0059465,            0.003537,             0.99559,             0.99482,             0.99426,             0.89933,           0.0064437,           0.0022554,          0.00056323,           0.0068518,           0.0068518,           0.0068518
                 161,            0.016987,           0.0062173,           0.0037355,             0.99745,              0.9934,             0.99423,             0.89563,           0.0065395,           0.0022617,          0.00055617,            0.006832,            0.006832,            0.006832
                 162,            0.016043,           0.0059673,           0.0036745,             0.99494,             0.99239,             0.99404,             0.89689,           0.0065234,           0.0022666,          0.00055306,           0.0068122,           0.0068122,           0.0068122
                 163,            0.016197,           0.0060759,           0.0035913,             0.99492,             0.99324,             0.99415,             0.89659,           0.0065335,           0.0022747,          0.00056205,           0.0067924,           0.0067924,           0.0067924
                 164,            0.016365,           0.0059725,           0.0027106,             0.99641,             0.99521,             0.99428,             0.89955,           0.0064281,           0.0022506,          0.00046073,           0.0067726,           0.0067726,           0.0067726
                 165,            0.016313,           0.0059962,           0.0028142,             0.99604,             0.99518,             0.99426,             0.89902,           0.0064192,           0.0022786,          0.00051253,           0.0067528,           0.0067528,           0.0067528
                 166,            0.016242,            0.006114,           0.0029473,             0.99616,             0.99432,             0.99425,             0.89667,           0.0064871,            0.002274,          0.00055421,            0.006733,            0.006733,            0.006733
                 167,            0.015695,           0.0060487,           0.0028853,             0.99426,             0.99554,             0.99425,             0.89858,           0.0065302,           0.0022638,          0.00058913,           0.0067132,           0.0067132,           0.0067132
                 168,            0.015814,            0.005967,           0.0034601,             0.99647,             0.99255,             0.99481,             0.89766,           0.0065165,           0.0022763,          0.00054909,           0.0066934,           0.0066934,           0.0066934
                 169,            0.016626,           0.0060706,           0.0034437,             0.99708,             0.99339,             0.99425,              0.9013,           0.0064705,           0.0022768,          0.00053271,           0.0066736,           0.0066736,           0.0066736
                 170,            0.015535,           0.0058063,           0.0032177,             0.99669,             0.99425,             0.99425,             0.89888,           0.0064141,           0.0022853,            0.000587,           0.0066538,           0.0066538,           0.0066538
                 171,            0.015726,           0.0058469,            0.002975,             0.99668,             0.99521,             0.99427,              0.9004,           0.0063719,           0.0022645,          0.00047436,            0.006634,            0.006634,            0.006634
                 172,            0.015675,           0.0059442,           0.0028981,              0.9959,             0.99732,             0.99427,             0.89775,           0.0064138,           0.0022694,          0.00044409,           0.0066142,           0.0066142,           0.0066142
                 173,            0.016276,           0.0058255,           0.0036899,             0.99656,             0.99352,             0.99425,             0.89484,           0.0064593,            0.002299,          0.00057669,           0.0065944,           0.0065944,           0.0065944
                 174,            0.015832,            0.005989,            0.003187,             0.99596,             0.99318,             0.99422,             0.89617,           0.0064404,           0.0022785,          0.00067764,           0.0065746,           0.0065746,           0.0065746
                 175,            0.016012,           0.0058372,           0.0032973,             0.99547,             0.99329,             0.99426,             0.89612,           0.0064441,           0.0022731,          0.00070608,           0.0065548,           0.0065548,           0.0065548
                 176,            0.016289,            0.006007,            0.003512,             0.99617,             0.99261,             0.99425,             0.90027,           0.0065462,           0.0022798,          0.00074829,            0.006535,            0.006535,            0.006535
                 177,            0.016062,           0.0059904,           0.0035636,              0.9969,             0.99266,             0.99425,             0.89596,           0.0064627,           0.0022823,          0.00075189,           0.0065152,           0.0065152,           0.0065152
                 178,            0.016125,           0.0059688,           0.0032006,             0.99681,             0.99051,             0.99423,             0.89758,           0.0064494,           0.0022453,          0.00071092,           0.0064954,           0.0064954,           0.0064954
                 179,            0.015824,           0.0059916,           0.0034388,              0.9966,             0.98823,              0.9942,             0.89762,           0.0064127,           0.0022458,          0.00068312,           0.0064756,           0.0064756,           0.0064756
                 180,            0.015992,           0.0058042,           0.0028378,             0.99485,             0.99027,              0.9942,             0.89972,           0.0063245,           0.0022088,          0.00076495,           0.0064558,           0.0064558,           0.0064558
                 181,            0.015948,           0.0058819,           0.0027998,              0.9959,             0.99144,             0.99425,             0.90175,           0.0062811,           0.0022254,          0.00059226,            0.006436,            0.006436,            0.006436
                 182,            0.015849,           0.0058765,           0.0032258,             0.99672,             0.99125,             0.99422,              0.9007,            0.006346,           0.0022653,          0.00061127,           0.0064162,           0.0064162,           0.0064162
                 183,            0.015945,           0.0058558,           0.0033725,             0.99742,             0.99199,             0.99419,              0.8994,            0.006343,           0.0022792,          0.00057434,           0.0063964,           0.0063964,           0.0063964
                 184,            0.015373,           0.0058947,           0.0031885,             0.99749,             0.99268,             0.99422,             0.90213,           0.0063049,           0.0022635,          0.00057531,           0.0063766,           0.0063766,           0.0063766
                 185,            0.015534,           0.0059138,           0.0026694,             0.99839,             0.99283,             0.99418,             0.89877,           0.0063234,           0.0022565,          0.00062374,           0.0063568,           0.0063568,           0.0063568
                 186,            0.015711,           0.0058533,           0.0033498,             0.99607,              0.9928,             0.99416,             0.90204,           0.0062686,           0.0022485,          0.00064696,            0.006337,            0.006337,            0.006337
                 187,            0.015776,           0.0058071,           0.0028586,             0.99524,             0.99419,             0.99411,             0.89961,           0.0063089,           0.0022352,          0.00060468,           0.0063172,           0.0063172,           0.0063172
                 188,             0.01572,           0.0057595,           0.0029266,              0.9954,             0.99511,             0.99423,             0.90388,           0.0062715,           0.0022249,          0.00049619,           0.0062974,           0.0062974,           0.0062974
                 189,            0.015997,            0.005945,           0.0028558,             0.99533,             0.99263,             0.99413,             0.90352,           0.0062712,           0.0022325,           0.0005917,           0.0062776,           0.0062776,           0.0062776
                 190,            0.015362,           0.0056787,           0.0021997,             0.99629,             0.99099,             0.99419,             0.90217,           0.0062607,           0.0022164,          0.00058977,           0.0062578,           0.0062578,           0.0062578
                 191,            0.015648,           0.0056554,           0.0025183,             0.99585,             0.99204,             0.99412,             0.90328,           0.0062397,            0.002209,          0.00063247,            0.006238,            0.006238,            0.006238
                 192,            0.015973,           0.0057986,           0.0027924,             0.99805,             0.98993,              0.9942,             0.90405,           0.0062417,           0.0022115,          0.00062457,           0.0062182,           0.0062182,           0.0062182
                 193,            0.015696,           0.0057233,           0.0032039,             0.99759,             0.99178,             0.99425,             0.90329,           0.0062807,            0.002188,          0.00052374,           0.0061984,           0.0061984,           0.0061984
                 194,            0.015368,           0.0057963,           0.0022615,             0.99817,             0.99054,             0.99423,             0.90382,           0.0062811,           0.0021936,          0.00054165,           0.0061786,           0.0061786,           0.0061786
                 195,            0.015537,           0.0057259,           0.0022252,             0.99685,             0.99066,             0.99414,             0.90491,           0.0061538,           0.0021868,          0.00049654,           0.0061588,           0.0061588,           0.0061588
                 196,            0.015293,           0.0057335,           0.0028337,             0.99696,             0.99123,             0.99414,             0.90719,           0.0061018,           0.0021876,          0.00052916,            0.006139,            0.006139,            0.006139
                 197,            0.015806,           0.0059596,           0.0023519,             0.99697,             0.98943,             0.99415,             0.90443,           0.0061145,           0.0022091,          0.00061437,           0.0061192,           0.0061192,           0.0061192
                 198,            0.015407,           0.0058559,            0.002852,             0.99603,              0.9901,             0.99414,             0.90492,           0.0061604,           0.0022347,          0.00071867,           0.0060994,           0.0060994,           0.0060994
                 199,            0.015238,           0.0057433,           0.0028306,              0.9963,             0.99185,             0.99422,             0.90389,           0.0061655,           0.0022039,          0.00061595,           0.0060796,           0.0060796,           0.0060796
                 200,            0.015503,           0.0058037,           0.0028174,             0.99526,             0.99335,             0.99419,              0.9025,            0.006162,           0.0022015,          0.00054945,           0.0060598,           0.0060598,           0.0060598
                 201,            0.015805,           0.0057904,           0.0025169,             0.99704,             0.99351,             0.99418,             0.90153,           0.0061373,            0.002203,          0.00048343,             0.00604,             0.00604,             0.00604
                 202,            0.014821,           0.0057613,            0.002798,              0.9969,             0.99427,             0.99436,             0.89962,           0.0061413,           0.0022102,          0.00046623,           0.0060202,           0.0060202,           0.0060202
                 203,            0.015468,           0.0057559,           0.0030184,             0.99772,             0.99372,             0.99429,             0.90204,           0.0062019,           0.0022316,           0.0004463,           0.0060004,           0.0060004,           0.0060004
                 204,            0.015413,           0.0057454,           0.0027987,             0.99726,             0.99209,             0.99422,             0.90349,           0.0062345,           0.0022443,          0.00048343,           0.0059806,           0.0059806,           0.0059806
                 205,            0.015724,            0.005781,            0.003217,              0.9973,             0.99102,              0.9942,             0.90233,           0.0062078,           0.0022329,          0.00048682,           0.0059608,           0.0059608,           0.0059608
                 206,            0.015408,           0.0058749,           0.0034315,             0.99768,             0.99073,              0.9942,             0.90468,           0.0061917,           0.0022272,          0.00047735,            0.005941,            0.005941,            0.005941
                 207,            0.015592,           0.0060656,           0.0034564,             0.99777,             0.99116,             0.99425,             0.90535,            0.006194,           0.0022307,          0.00050714,           0.0059212,           0.0059212,           0.0059212
                 208,            0.015507,           0.0056962,           0.0025579,             0.99725,             0.99124,             0.99422,             0.90466,           0.0061818,           0.0022339,           0.0004883,           0.0059014,           0.0059014,           0.0059014
                 209,            0.015548,           0.0059043,           0.0029385,              0.9962,             0.99178,             0.99421,              0.9028,           0.0061651,           0.0022305,          0.00055098,           0.0058816,           0.0058816,           0.0058816
                 210,            0.015391,           0.0057145,           0.0026034,             0.99336,             0.99488,             0.99418,             0.90318,           0.0061173,           0.0022099,          0.00064374,           0.0058618,           0.0058618,           0.0058618
                 211,            0.014964,           0.0058093,           0.0020482,             0.99712,              0.9921,             0.99403,             0.90452,           0.0060994,           0.0021961,           0.0007102,            0.005842,            0.005842,            0.005842
                 212,            0.015018,           0.0056354,           0.0020763,              0.9969,             0.99266,             0.99371,              0.9061,           0.0060992,            0.002198,          0.00071683,           0.0058222,           0.0058222,           0.0058222
                 213,            0.014629,           0.0057852,           0.0028315,               0.997,             0.99272,             0.99404,             0.90504,           0.0060975,           0.0022112,          0.00069782,           0.0058024,           0.0058024,           0.0058024
                 214,            0.015044,           0.0056769,           0.0020749,             0.99696,               0.993,             0.99413,             0.90751,           0.0061071,           0.0022201,          0.00070514,           0.0057826,           0.0057826,           0.0057826
                 215,            0.014898,           0.0055498,           0.0025352,             0.99707,             0.99335,             0.99417,             0.90609,           0.0061067,           0.0022256,           0.0006521,           0.0057628,           0.0057628,           0.0057628
                 216,            0.015024,           0.0057021,            0.003031,             0.99628,             0.99298,             0.99421,              0.9038,           0.0061202,           0.0022362,          0.00056671,            0.005743,            0.005743,            0.005743
                 217,            0.015115,           0.0055049,            0.002352,             0.99334,             0.99507,             0.99423,             0.90368,           0.0061141,           0.0022302,          0.00051166,           0.0057232,           0.0057232,           0.0057232
                 218,            0.014937,           0.0056518,           0.0025631,               0.996,              0.9947,             0.99424,             0.90262,           0.0061449,           0.0022256,          0.00046521,           0.0057034,           0.0057034,           0.0057034
                 219,            0.014715,           0.0056938,           0.0020831,             0.99765,             0.99497,             0.99426,             0.90385,           0.0060706,           0.0022036,          0.00043414,           0.0056836,           0.0056836,           0.0056836
                 220,            0.015117,           0.0057355,           0.0026696,             0.99702,             0.99375,             0.99421,             0.90509,           0.0060521,           0.0021885,          0.00045366,           0.0056638,           0.0056638,           0.0056638
                 221,            0.014894,             0.00562,           0.0025957,             0.99582,             0.99527,             0.99424,             0.90602,           0.0060825,           0.0021871,           0.0004916,            0.005644,            0.005644,            0.005644
                 222,            0.014698,           0.0053872,           0.0020477,             0.99701,             0.99508,             0.99425,             0.90391,           0.0060849,           0.0021851,          0.00045284,           0.0056242,           0.0056242,           0.0056242
                 223,             0.01464,            0.005627,           0.0025039,             0.99721,             0.99463,             0.99426,             0.90569,           0.0060426,           0.0021677,          0.00041208,           0.0056044,           0.0056044,           0.0056044
                 224,            0.014727,           0.0056521,           0.0022673,             0.99714,              0.9932,             0.99424,             0.90596,           0.0060124,           0.0021466,           0.0003841,           0.0055846,           0.0055846,           0.0055846
                 225,            0.015092,            0.005742,           0.0022303,             0.99702,             0.99371,             0.99424,             0.90701,           0.0060052,           0.0021465,          0.00033702,           0.0055648,           0.0055648,           0.0055648
                 226,            0.014802,           0.0055895,           0.0025049,             0.99549,              0.9959,             0.99424,             0.90696,           0.0059935,            0.002155,          0.00029956,            0.005545,            0.005545,            0.005545
                 227,            0.014305,           0.0055623,           0.0019882,              0.9953,             0.99601,             0.99427,             0.90616,           0.0060084,           0.0021561,          0.00031555,           0.0055252,           0.0055252,           0.0055252
                 228,            0.014795,           0.0055465,           0.0020704,             0.99679,             0.99452,             0.99427,             0.90598,            0.006027,           0.0021569,          0.00031249,           0.0055054,           0.0055054,           0.0055054
                 229,            0.014595,           0.0056543,           0.0024229,              0.9967,             0.99506,             0.99426,             0.90708,           0.0060285,            0.002155,          0.00032341,           0.0054856,           0.0054856,           0.0054856
                 230,            0.015072,           0.0055868,           0.0026322,             0.99635,             0.99576,             0.99426,             0.90646,           0.0060142,           0.0021576,          0.00033535,           0.0054658,           0.0054658,           0.0054658
                 231,            0.015291,           0.0056251,           0.0021125,             0.99642,             0.99584,             0.99425,             0.90851,             0.00599,           0.0021428,          0.00033775,            0.005446,            0.005446,            0.005446
                 232,            0.015061,           0.0055186,           0.0022246,             0.99692,             0.99456,             0.99423,             0.90855,           0.0059687,           0.0021379,          0.00034166,           0.0054262,           0.0054262,           0.0054262
                 233,            0.014513,           0.0055369,           0.0022902,             0.99716,             0.99493,             0.99424,             0.91019,           0.0059577,           0.0021318,          0.00032732,           0.0054064,           0.0054064,           0.0054064
                 234,            0.014565,           0.0055726,           0.0019315,             0.99692,             0.99489,             0.99424,             0.91043,           0.0059578,           0.0021349,          0.00031029,           0.0053866,           0.0053866,           0.0053866
                 235,            0.014722,           0.0055922,           0.0028201,             0.99708,             0.99543,             0.99431,             0.90912,           0.0059679,           0.0021324,          0.00029097,           0.0053668,           0.0053668,           0.0053668
                 236,            0.014835,           0.0055776,           0.0024173,             0.99732,             0.99525,              0.9943,             0.90923,           0.0059615,           0.0021352,          0.00027006,            0.005347,            0.005347,            0.005347
                 237,            0.014853,           0.0055997,           0.0025395,             0.99739,             0.99492,             0.99429,             0.90872,           0.0059494,           0.0021345,             0.00029,           0.0053272,           0.0053272,           0.0053272
                 238,            0.014675,           0.0055363,           0.0018908,             0.99725,             0.99386,              0.9943,             0.91139,           0.0059401,           0.0021345,          0.00032293,           0.0053074,           0.0053074,           0.0053074
                 239,            0.014583,           0.0055621,           0.0022127,             0.99385,             0.99665,             0.99427,             0.90998,           0.0059277,           0.0021281,          0.00036649,           0.0052876,           0.0052876,           0.0052876
                 240,            0.014167,           0.0053876,           0.0021505,             0.99373,             0.99769,             0.99427,             0.90947,            0.005914,           0.0021203,          0.00034802,           0.0052678,           0.0052678,           0.0052678
                 241,            0.014725,           0.0056375,           0.0020971,             0.99566,              0.9955,              0.9943,             0.90927,            0.005927,           0.0021235,          0.00036448,            0.005248,            0.005248,            0.005248
                 242,            0.014283,           0.0055493,           0.0027251,             0.99648,             0.99537,              0.9943,             0.90721,           0.0059494,           0.0021221,          0.00035524,           0.0052282,           0.0052282,           0.0052282
                 243,            0.014404,           0.0056282,           0.0029017,             0.99704,             0.99526,             0.99427,             0.90864,           0.0059486,           0.0021217,          0.00033519,           0.0052084,           0.0052084,           0.0052084
                 244,             0.01459,           0.0055254,           0.0023107,               0.996,             0.99703,             0.99428,             0.90805,           0.0059214,           0.0021131,          0.00032941,           0.0051886,           0.0051886,           0.0051886
                 245,            0.014517,           0.0054074,           0.0023176,             0.99688,             0.99602,             0.99435,             0.90839,           0.0059118,           0.0021091,          0.00034011,           0.0051688,           0.0051688,           0.0051688
                 246,            0.014389,           0.0054808,            0.002092,             0.99703,             0.99588,             0.99449,             0.90718,           0.0059311,           0.0021113,          0.00033873,            0.005149,            0.005149,            0.005149
                 247,            0.014568,           0.0055155,           0.0025772,             0.99688,             0.99585,             0.99449,             0.90673,           0.0059353,           0.0021133,           0.0003146,           0.0051292,           0.0051292,           0.0051292
                 248,             0.01459,           0.0055361,           0.0026883,             0.99707,             0.99578,              0.9943,              0.9063,           0.0059327,            0.002111,          0.00029314,           0.0051094,           0.0051094,           0.0051094
                 249,            0.013824,           0.0054236,           0.0024009,             0.99682,             0.99546,             0.99436,             0.90869,           0.0059151,           0.0021125,          0.00027428,           0.0050896,           0.0050896,           0.0050896
                 250,            0.014925,           0.0055745,           0.0020012,             0.99637,             0.99562,             0.99471,             0.90887,           0.0059282,           0.0021119,          0.00029043,           0.0050698,           0.0050698,           0.0050698
                 251,            0.014672,           0.0054103,           0.0023912,              0.9968,             0.99495,             0.99494,             0.90835,           0.0059272,           0.0021185,          0.00030903,             0.00505,             0.00505,             0.00505
                 252,            0.014124,           0.0056066,           0.0018315,             0.99688,             0.99472,             0.99492,             0.90938,           0.0059049,           0.0021124,          0.00031532,           0.0050302,           0.0050302,           0.0050302
                 253,            0.014255,           0.0054357,           0.0019182,             0.99684,             0.99506,             0.99488,             0.91146,           0.0058839,           0.0021055,          0.00032664,           0.0050104,           0.0050104,           0.0050104
                 254,            0.013942,           0.0055596,           0.0018134,             0.99679,             0.99514,             0.99454,             0.90961,           0.0058647,           0.0021025,          0.00032708,           0.0049906,           0.0049906,           0.0049906
                 255,            0.014208,           0.0053325,           0.0021966,             0.99709,              0.9952,             0.99454,             0.91051,           0.0058605,            0.002103,          0.00031734,           0.0049708,           0.0049708,           0.0049708
                 256,            0.014175,           0.0054188,           0.0021669,             0.99713,             0.99532,             0.99468,             0.91173,            0.005864,           0.0021078,           0.0002956,            0.004951,            0.004951,            0.004951
                 257,            0.014874,           0.0055873,           0.0027343,             0.99725,             0.99605,             0.99454,             0.91113,           0.0058566,           0.0021097,          0.00028027,           0.0049312,           0.0049312,           0.0049312
                 258,            0.014211,           0.0054444,           0.0023445,              0.9968,             0.99541,             0.99443,             0.91383,           0.0058451,           0.0021123,          0.00028284,           0.0049114,           0.0049114,           0.0049114
                 259,            0.014557,           0.0054075,           0.0016261,             0.99606,              0.9957,              0.9945,             0.91292,           0.0058296,           0.0021085,          0.00029674,           0.0048916,           0.0048916,           0.0048916
                 260,            0.014332,            0.005261,           0.0017634,             0.99573,             0.99586,             0.99485,             0.91239,           0.0058117,           0.0021018,            0.000306,           0.0048718,           0.0048718,           0.0048718
                 261,            0.014318,           0.0054181,           0.0019401,             0.99607,             0.99563,             0.99478,             0.91319,           0.0058009,           0.0020974,          0.00031139,            0.004852,            0.004852,            0.004852
                 262,            0.013813,           0.0054082,           0.0022054,             0.99655,             0.99546,             0.99473,             0.91287,           0.0058039,           0.0020933,          0.00030841,           0.0048322,           0.0048322,           0.0048322
                 263,            0.014333,            0.005484,           0.0024354,             0.99641,             0.99527,             0.99471,             0.91164,           0.0058004,           0.0020942,          0.00031572,           0.0048124,           0.0048124,           0.0048124
                 264,            0.013955,           0.0053542,           0.0022789,             0.99667,             0.99555,             0.99485,             0.91198,           0.0058006,           0.0020908,          0.00030229,           0.0047926,           0.0047926,           0.0047926
                 265,            0.014178,           0.0053466,           0.0022232,             0.99686,             0.99575,             0.99491,             0.91092,           0.0057857,           0.0020893,          0.00029673,           0.0047728,           0.0047728,           0.0047728
                 266,            0.014045,            0.005285,           0.0024499,             0.99675,             0.99575,             0.99484,             0.91246,           0.0057623,           0.0020896,          0.00030521,            0.004753,            0.004753,            0.004753
                 267,            0.014268,           0.0053685,            0.001916,             0.99674,             0.99562,             0.99469,             0.91329,           0.0057653,           0.0020854,          0.00030616,           0.0047332,           0.0047332,           0.0047332
                 268,            0.013936,           0.0053426,           0.0021413,             0.99696,             0.99566,             0.99454,             0.91243,           0.0057742,           0.0020855,          0.00029454,           0.0047134,           0.0047134,           0.0047134
                 269,            0.014543,           0.0055693,           0.0024257,             0.99711,             0.99563,             0.99445,             0.91205,            0.005778,           0.0020867,          0.00027371,           0.0046936,           0.0046936,           0.0046936
                 270,            0.013975,           0.0054368,           0.0024084,             0.99729,              0.9964,             0.99431,             0.91196,           0.0057684,           0.0020837,          0.00026255,           0.0046738,           0.0046738,           0.0046738
                 271,             0.01431,           0.0052989,           0.0021672,             0.99702,             0.99666,              0.9943,             0.91124,           0.0057646,           0.0020863,          0.00026452,            0.004654,            0.004654,            0.004654
                 272,            0.013681,           0.0053528,           0.0018216,             0.99682,              0.9966,             0.99427,             0.91232,           0.0057586,           0.0020907,          0.00027383,           0.0046342,           0.0046342,           0.0046342
                 273,            0.014176,           0.0054191,           0.0017209,             0.99661,             0.99661,             0.99428,             0.91153,           0.0057686,           0.0020912,          0.00027017,           0.0046144,           0.0046144,           0.0046144
                 274,            0.014388,           0.0052864,           0.0020475,             0.99636,             0.99595,             0.99425,             0.91193,           0.0057729,           0.0020913,          0.00027092,           0.0045946,           0.0045946,           0.0045946
                 275,            0.013887,           0.0054176,           0.0018975,             0.99664,             0.99597,             0.99425,             0.91189,            0.005779,           0.0020918,          0.00027739,           0.0045748,           0.0045748,           0.0045748
                 276,            0.014224,           0.0053577,           0.0020045,             0.99669,             0.99595,             0.99429,               0.911,           0.0057876,            0.002093,          0.00027204,            0.004555,            0.004555,            0.004555
                 277,            0.014302,           0.0053542,           0.0019413,             0.99652,             0.99589,             0.99429,             0.91171,           0.0057881,           0.0020918,          0.00026295,           0.0045352,           0.0045352,           0.0045352
                 278,            0.013774,           0.0052593,           0.0017425,             0.99639,             0.99603,             0.99429,             0.91191,           0.0057938,           0.0020941,          0.00025789,           0.0045154,           0.0045154,           0.0045154
                 279,            0.014035,           0.0053512,           0.0020629,             0.99607,             0.99608,             0.99429,             0.91213,           0.0057929,           0.0020933,          0.00025599,           0.0044956,           0.0044956,           0.0044956
                 280,            0.014145,           0.0052721,           0.0024464,             0.99574,             0.99629,             0.99427,             0.91206,           0.0057966,           0.0020971,          0.00025906,           0.0044758,           0.0044758,           0.0044758
                 281,            0.013969,           0.0054009,           0.0023857,              0.9964,             0.99626,             0.99427,             0.91125,           0.0057907,           0.0020991,          0.00026396,            0.004456,            0.004456,            0.004456
                 282,            0.013937,           0.0054379,           0.0021072,             0.99671,             0.99627,              0.9943,             0.91349,           0.0057811,           0.0020941,          0.00025438,           0.0044362,           0.0044362,           0.0044362
                 283,            0.014299,           0.0054654,           0.0021662,             0.99707,             0.99613,              0.9943,             0.91506,           0.0057697,           0.0020896,          0.00025708,           0.0044164,           0.0044164,           0.0044164
                 284,            0.014062,           0.0053133,             0.00205,             0.99717,             0.99588,              0.9943,             0.91505,           0.0057778,           0.0020885,          0.00025182,           0.0043966,           0.0043966,           0.0043966
                 285,            0.013981,           0.0053902,           0.0020314,             0.99738,             0.99615,              0.9943,             0.91474,           0.0057817,           0.0020859,           0.0002412,           0.0043768,           0.0043768,           0.0043768
                 286,            0.013622,           0.0052299,           0.0016937,             0.99731,              0.9961,              0.9943,             0.91452,           0.0057793,           0.0020846,          0.00024017,            0.004357,            0.004357,            0.004357
                 287,            0.013045,           0.0050658,           0.0018726,             0.99734,             0.99624,              0.9943,             0.91411,           0.0057778,           0.0020834,          0.00023689,           0.0043372,           0.0043372,           0.0043372
                 288,            0.014086,           0.0053118,           0.0026906,             0.99731,             0.99659,              0.9943,             0.91198,           0.0057791,           0.0020849,          0.00021887,           0.0043174,           0.0043174,           0.0043174
                 289,            0.014239,           0.0051877,           0.0018096,             0.99733,             0.99685,              0.9943,             0.91206,           0.0057738,           0.0020867,          0.00020198,           0.0042976,           0.0042976,           0.0042976
                 290,            0.014047,           0.0052945,           0.0018457,             0.99719,             0.99709,              0.9943,             0.91208,           0.0057677,           0.0020871,          0.00019601,           0.0042778,           0.0042778,           0.0042778
                 291,            0.013168,           0.0052989,           0.0017936,             0.99703,             0.99728,              0.9943,             0.91228,           0.0057602,           0.0020874,          0.00019483,            0.004258,            0.004258,            0.004258
                 292,            0.013033,           0.0050979,           0.0014389,             0.99694,             0.99735,              0.9943,              0.9126,           0.0057535,            0.002086,          0.00019662,           0.0042382,           0.0042382,           0.0042382
                 293,            0.013612,           0.0052466,           0.0015084,              0.9969,             0.99749,              0.9943,             0.91208,           0.0057483,           0.0020834,           0.0001946,           0.0042184,           0.0042184,           0.0042184
                 294,            0.014056,           0.0052669,           0.0018491,             0.99687,             0.99765,              0.9943,             0.91175,           0.0057359,           0.0020794,          0.00019143,           0.0041986,           0.0041986,           0.0041986
                 295,            0.013727,           0.0052808,           0.0018029,             0.99688,             0.99773,              0.9943,             0.91189,           0.0057265,           0.0020762,          0.00018693,           0.0041788,           0.0041788,           0.0041788
                 296,             0.01397,           0.0052428,           0.0023361,             0.99681,             0.99756,             0.99431,             0.91256,           0.0057166,           0.0020729,          0.00018454,            0.004159,            0.004159,            0.004159
                 297,            0.013441,           0.0051882,           0.0016753,             0.99712,             0.99731,             0.99431,              0.9113,           0.0057147,           0.0020719,          0.00018419,           0.0041392,           0.0041392,           0.0041392
                 298,            0.013582,           0.0052361,           0.0018488,             0.99743,               0.997,             0.99431,             0.91144,           0.0057172,           0.0020697,          0.00018866,           0.0041194,           0.0041194,           0.0041194
                 299,            0.013748,           0.0054671,           0.0018498,             0.99734,             0.99701,             0.99432,             0.91201,           0.0057131,           0.0020676,          0.00018833,           0.0040996,           0.0040996,           0.0040996
                 300,            0.013008,           0.0051424,           0.0014922,             0.99729,             0.99689,             0.99431,             0.91118,           0.0057125,           0.0020667,          0.00018767,           0.0040798,           0.0040798,           0.0040798
                 301,             0.01319,           0.0051852,           0.0019297,              0.9974,             0.99692,              0.9943,             0.91094,           0.0057078,           0.0020668,          0.00018524,             0.00406,             0.00406,             0.00406
                 302,            0.013586,           0.0053108,           0.0021193,             0.99742,             0.99687,              0.9943,              0.9105,           0.0057039,           0.0020642,          0.00018026,           0.0040402,           0.0040402,           0.0040402
                 303,            0.013571,           0.0053023,           0.0020054,             0.99738,             0.99679,             0.99428,              0.9112,           0.0057006,           0.0020616,          0.00018258,           0.0040204,           0.0040204,           0.0040204
                 304,            0.013219,           0.0052002,           0.0018615,              0.9971,               0.997,             0.99428,             0.91012,           0.0056964,           0.0020598,          0.00019331,           0.0040006,           0.0040006,           0.0040006
                 305,            0.013392,           0.0051406,           0.0013913,              0.9967,             0.99699,             0.99427,             0.90964,           0.0056906,           0.0020601,          0.00019907,           0.0039808,           0.0039808,           0.0039808
                 306,            0.013384,           0.0052276,           0.0017675,             0.99651,             0.99691,             0.99427,             0.91154,           0.0056871,            0.002061,          0.00020366,            0.003961,            0.003961,            0.003961
                 307,            0.013358,           0.0051979,           0.0015529,             0.99638,             0.99674,             0.99427,             0.91167,           0.0056837,           0.0020614,          0.00020933,           0.0039412,           0.0039412,           0.0039412
                 308,            0.013599,           0.0052633,            0.001906,             0.99581,             0.99618,             0.99427,             0.91085,           0.0056885,           0.0020653,          0.00021923,           0.0039214,           0.0039214,           0.0039214
                 309,            0.012841,           0.0052214,           0.0015838,             0.99633,             0.99478,             0.99429,             0.91069,           0.0056921,           0.0020675,          0.00022871,           0.0039016,           0.0039016,           0.0039016
                 310,            0.013139,           0.0050318,           0.0014751,             0.99677,             0.99418,             0.99429,             0.91067,           0.0056918,           0.0020686,          0.00023844,           0.0038818,           0.0038818,           0.0038818
                 311,            0.013032,           0.0051592,           0.0015388,             0.99661,              0.9943,             0.99429,             0.91082,           0.0056946,           0.0020688,          0.00024186,            0.003862,            0.003862,            0.003862
                 312,            0.013254,           0.0051781,           0.0016793,             0.99637,             0.99443,              0.9943,             0.91113,           0.0056935,           0.0020668,          0.00023879,           0.0038422,           0.0038422,           0.0038422
                 313,            0.013073,           0.0050502,           0.0013318,             0.99639,             0.99439,             0.99433,             0.91108,           0.0056935,           0.0020675,          0.00024023,           0.0038224,           0.0038224,           0.0038224
                 314,            0.013067,           0.0051006,           0.0020726,             0.99634,             0.99431,             0.99434,             0.91116,            0.005695,           0.0020676,          0.00024222,           0.0038026,           0.0038026,           0.0038026
                 315,            0.013162,           0.0051382,           0.0014978,             0.99638,             0.99452,             0.99434,             0.91124,           0.0056972,           0.0020667,          0.00024111,           0.0037828,           0.0037828,           0.0037828
                 316,             0.01313,           0.0051508,           0.0014313,             0.99648,             0.99459,             0.99432,             0.91038,           0.0057022,           0.0020658,          0.00023666,            0.003763,            0.003763,            0.003763
                 317,            0.013078,           0.0050969,           0.0014517,             0.99645,             0.99456,             0.99431,             0.91161,           0.0057051,           0.0020668,          0.00023718,           0.0037432,           0.0037432,           0.0037432
                 318,            0.013331,            0.005036,           0.0015821,             0.99644,             0.99454,              0.9943,             0.91218,           0.0057082,           0.0020679,          0.00023413,           0.0037234,           0.0037234,           0.0037234
                 319,            0.012987,           0.0050694,           0.0014824,             0.99527,             0.99531,             0.99429,             0.91181,           0.0057111,            0.002069,          0.00023137,           0.0037036,           0.0037036,           0.0037036
                 320,            0.013033,           0.0050575,            0.001309,             0.99513,             0.99555,             0.99429,             0.91074,            0.005712,           0.0020695,          0.00022866,           0.0036838,           0.0036838,           0.0036838
                 321,            0.012854,           0.0049475,           0.0016015,             0.99601,             0.99474,             0.99427,             0.91164,           0.0057094,           0.0020693,          0.00022872,            0.003664,            0.003664,            0.003664
                 322,            0.012708,           0.0049116,           0.0013106,             0.99602,             0.99452,             0.99427,             0.91147,            0.005709,             0.00207,           0.0002277,           0.0036442,           0.0036442,           0.0036442
                 323,            0.013141,           0.0050077,           0.0016172,             0.99613,             0.99457,             0.99427,             0.91132,           0.0057084,           0.0020694,          0.00022231,           0.0036244,           0.0036244,           0.0036244
                 324,            0.013104,           0.0052669,           0.0014389,             0.99608,             0.99481,             0.99427,             0.91189,           0.0057072,           0.0020686,          0.00021863,           0.0036046,           0.0036046,           0.0036046
                 325,            0.013306,           0.0051336,           0.0016552,             0.99582,             0.99544,             0.99427,             0.91151,           0.0057035,           0.0020669,          0.00021718,           0.0035848,           0.0035848,           0.0035848
                 326,            0.013045,           0.0050834,           0.0020071,             0.99513,             0.99649,             0.99427,             0.91137,           0.0057026,           0.0020644,          0.00021687,            0.003565,            0.003565,            0.003565
                 327,            0.012801,           0.0051391,           0.0013722,             0.99525,             0.99665,             0.99427,             0.91138,           0.0056912,           0.0020609,          0.00021964,           0.0035452,           0.0035452,           0.0035452
                 328,             0.01298,           0.0050526,           0.0014239,             0.99507,             0.99681,             0.99427,             0.91181,           0.0056826,           0.0020591,           0.0002246,           0.0035254,           0.0035254,           0.0035254
                 329,            0.013295,           0.0049584,           0.0017714,             0.99513,             0.99681,             0.99427,             0.91211,           0.0056803,           0.0020586,          0.00022986,           0.0035056,           0.0035056,           0.0035056
                 330,             0.01307,           0.0050349,           0.0013404,             0.99541,             0.99669,             0.99427,             0.91239,           0.0056796,           0.0020579,            0.000228,           0.0034858,           0.0034858,           0.0034858
                 331,            0.012706,           0.0050452,           0.0012086,             0.99556,              0.9967,             0.99427,             0.91241,           0.0056777,           0.0020563,          0.00022378,            0.003466,            0.003466,            0.003466
                 332,            0.013059,           0.0050045,           0.0015369,             0.99568,             0.99675,             0.99427,             0.91321,           0.0056734,           0.0020557,          0.00021803,           0.0034462,           0.0034462,           0.0034462
                 333,            0.012711,           0.0050569,           0.0015365,             0.99563,             0.99679,             0.99427,             0.91292,           0.0056711,           0.0020549,           0.0002113,           0.0034264,           0.0034264,           0.0034264
                 334,            0.012785,           0.0049057,           0.0016202,             0.99543,             0.99678,             0.99427,             0.91336,           0.0056686,           0.0020536,          0.00020368,           0.0034066,           0.0034066,           0.0034066
                 335,            0.012609,           0.0050209,            0.001653,             0.99512,             0.99681,             0.99427,               0.914,           0.0056695,            0.002053,          0.00019825,           0.0033868,           0.0033868,           0.0033868
                 336,            0.012818,           0.0050405,           0.0011998,             0.99497,             0.99685,             0.99428,             0.91397,           0.0056664,           0.0020523,           0.0001936,            0.003367,            0.003367,            0.003367
                 337,            0.012598,           0.0049644,           0.0015598,             0.99506,              0.9968,             0.99428,             0.91359,           0.0056661,           0.0020529,          0.00019114,           0.0033472,           0.0033472,           0.0033472
                 338,            0.012928,           0.0049234,           0.0017771,             0.99567,             0.99674,             0.99428,             0.91316,           0.0056656,           0.0020514,          0.00018952,           0.0033274,           0.0033274,           0.0033274
                 339,            0.012749,            0.004924,           0.0017443,             0.99597,              0.9967,             0.99428,             0.91305,            0.005664,           0.0020502,          0.00018891,           0.0033076,           0.0033076,           0.0033076
                 340,            0.012757,           0.0048708,           0.0015224,             0.99606,             0.99671,             0.99428,             0.91311,           0.0056645,           0.0020484,          0.00018652,           0.0032878,           0.0032878,           0.0032878
                 341,            0.013043,           0.0049436,           0.0015502,             0.99607,             0.99669,             0.99428,             0.91216,           0.0056645,           0.0020479,          0.00018363,            0.003268,            0.003268,            0.003268
                 342,            0.012725,           0.0049203,           0.0014772,             0.99604,             0.99668,             0.99428,             0.91254,           0.0056629,           0.0020463,          0.00018383,           0.0032482,           0.0032482,           0.0032482
                 343,            0.012966,           0.0050097,           0.0013751,             0.99595,             0.99669,             0.99427,             0.91296,           0.0056613,           0.0020462,          0.00018571,           0.0032284,           0.0032284,           0.0032284
                 344,             0.01256,           0.0048282,           0.0012638,             0.99633,             0.99642,             0.99428,             0.91243,           0.0056592,           0.0020448,          0.00018183,           0.0032086,           0.0032086,           0.0032086
                 345,             0.01271,           0.0050211,           0.0013674,             0.99643,             0.99631,             0.99428,             0.91247,           0.0056581,           0.0020434,          0.00017842,           0.0031888,           0.0031888,           0.0031888
                 346,             0.01241,           0.0048561,           0.0011209,             0.99649,             0.99626,             0.99428,             0.91293,           0.0056582,           0.0020427,          0.00017584,            0.003169,            0.003169,            0.003169
                 347,             0.01256,           0.0048802,           0.0012322,             0.99659,             0.99624,             0.99428,             0.91304,           0.0056581,           0.0020415,          0.00017247,           0.0031492,           0.0031492,           0.0031492
                 348,            0.012521,           0.0048752,           0.0011661,             0.99663,             0.99625,             0.99428,             0.91234,           0.0056557,           0.0020406,          0.00016941,           0.0031294,           0.0031294,           0.0031294
                 349,            0.012413,           0.0048853,           0.0011943,             0.99656,             0.99619,             0.99428,             0.91211,           0.0056556,           0.0020408,          0.00017018,           0.0031096,           0.0031096,           0.0031096
                 350,            0.012517,           0.0050079,           0.0011474,             0.99654,             0.99613,             0.99428,             0.91206,           0.0056553,           0.0020407,          0.00017089,           0.0030898,           0.0030898,           0.0030898
                 351,            0.012241,            0.004837,           0.0013274,             0.99645,             0.99591,             0.99428,             0.91254,           0.0056509,             0.00204,          0.00016969,             0.00307,             0.00307,             0.00307
                 352,            0.012239,           0.0049439,           0.0011706,             0.99647,             0.99553,             0.99428,             0.91284,           0.0056495,           0.0020393,          0.00016677,           0.0030502,           0.0030502,           0.0030502
                 353,            0.012372,           0.0048891,          0.00083976,              0.9965,             0.99535,             0.99428,             0.91305,           0.0056432,           0.0020383,          0.00016205,           0.0030304,           0.0030304,           0.0030304
                 354,            0.012427,           0.0048707,           0.0012048,             0.99649,             0.99533,             0.99428,             0.91421,           0.0056414,           0.0020376,          0.00015874,           0.0030106,           0.0030106,           0.0030106
                 355,            0.012033,           0.0047778,           0.0010282,             0.99645,             0.99531,             0.99428,             0.91376,           0.0056409,            0.002037,          0.00015727,           0.0029908,           0.0029908,           0.0029908
                 356,            0.012547,           0.0049621,           0.0010732,             0.99682,              0.9952,             0.99428,             0.91488,           0.0056405,           0.0020376,           0.0001557,            0.002971,            0.002971,            0.002971
                 357,            0.012789,           0.0049495,             0.00167,             0.99677,             0.99521,             0.99428,             0.91447,            0.005642,           0.0020375,          0.00015424,           0.0029512,           0.0029512,           0.0029512
                 358,             0.01233,           0.0048373,           0.0012215,             0.99662,             0.99532,             0.99428,             0.91438,           0.0056419,           0.0020379,          0.00015228,           0.0029314,           0.0029314,           0.0029314
                 359,            0.012579,           0.0050393,           0.0011608,             0.99665,              0.9954,             0.99428,             0.91427,            0.005643,           0.0020384,          0.00014817,           0.0029116,           0.0029116,           0.0029116
                 360,            0.012206,           0.0047286,           0.0010516,             0.99679,             0.99536,             0.99428,             0.91391,           0.0056422,           0.0020386,           0.0001445,           0.0028918,           0.0028918,           0.0028918
                 361,            0.012155,           0.0048489,           0.0012188,             0.99677,             0.99534,             0.99428,             0.91465,           0.0056413,           0.0020389,          0.00014175,            0.002872,            0.002872,            0.002872
                 362,            0.012325,           0.0049031,           0.0012406,             0.99679,             0.99527,             0.99428,             0.91399,           0.0056399,           0.0020385,          0.00013985,           0.0028522,           0.0028522,           0.0028522
                 363,            0.012377,           0.0050119,           0.0015218,             0.99685,             0.99523,             0.99428,             0.91412,           0.0056369,           0.0020382,          0.00013825,           0.0028324,           0.0028324,           0.0028324
                 364,             0.01251,           0.0048602,           0.0011473,             0.99685,             0.99514,             0.99428,             0.91396,           0.0056364,           0.0020385,          0.00013744,           0.0028126,           0.0028126,           0.0028126
                 365,            0.012405,           0.0050609,            0.001236,             0.99686,             0.99512,             0.99428,             0.91464,           0.0056347,           0.0020392,           0.0001369,           0.0027928,           0.0027928,           0.0027928
                 366,             0.01213,           0.0048671,           0.0015267,             0.99692,             0.99512,             0.99428,             0.91434,           0.0056336,            0.002039,          0.00013648,            0.002773,            0.002773,            0.002773
                 367,             0.01215,           0.0049191,           0.0010287,             0.99692,             0.99513,             0.99428,             0.91402,           0.0056342,           0.0020387,          0.00013517,           0.0027532,           0.0027532,           0.0027532
                 368,            0.012324,           0.0048387,           0.0013362,             0.99695,             0.99514,             0.99428,             0.91376,           0.0056327,           0.0020389,           0.0001338,           0.0027334,           0.0027334,           0.0027334
                 369,            0.012323,           0.0048814,           0.0013299,             0.99689,              0.9952,             0.99428,             0.91369,           0.0056322,           0.0020388,          0.00013194,           0.0027136,           0.0027136,           0.0027136
                 370,            0.011956,           0.0047804,           0.0011373,             0.99689,             0.99523,             0.99428,             0.91366,           0.0056323,           0.0020387,          0.00013039,           0.0026938,           0.0026938,           0.0026938
                 371,            0.012452,           0.0048135,           0.0015431,               0.997,              0.9952,             0.99428,             0.91391,           0.0056313,           0.0020389,           0.0001289,            0.002674,            0.002674,            0.002674
                 372,            0.012065,           0.0048587,           0.0015784,               0.997,             0.99522,             0.99428,             0.91456,           0.0056319,           0.0020392,          0.00012847,           0.0026542,           0.0026542,           0.0026542
                 373,            0.011925,            0.004854,           0.0011729,             0.99706,             0.99525,             0.99428,             0.91433,           0.0056319,           0.0020395,          0.00012764,           0.0026344,           0.0026344,           0.0026344
                 374,            0.012223,           0.0046914,          0.00075551,             0.99705,             0.99524,             0.99428,              0.9145,            0.005631,             0.00204,          0.00012699,           0.0026146,           0.0026146,           0.0026146
                 375,            0.011944,           0.0047647,           0.0016256,             0.99702,             0.99524,             0.99428,             0.91418,            0.005631,           0.0020405,          0.00012645,           0.0025948,           0.0025948,           0.0025948
                 376,            0.012425,           0.0048619,           0.0012318,             0.99704,             0.99528,             0.99428,             0.91426,           0.0056329,           0.0020404,          0.00012605,            0.002575,            0.002575,            0.002575
                 377,            0.011818,           0.0047463,           0.0011617,             0.99706,             0.99531,             0.99428,             0.91437,           0.0056329,           0.0020405,           0.0001253,           0.0025552,           0.0025552,           0.0025552
                 378,            0.011704,           0.0046858,          0.00095672,             0.99709,             0.99534,             0.99428,             0.91442,           0.0056304,           0.0020397,           0.0001247,           0.0025354,           0.0025354,           0.0025354
                 379,            0.011853,           0.0046075,          0.00098715,             0.99712,             0.99537,             0.99428,             0.91454,           0.0056288,            0.002039,           0.0001242,           0.0025156,           0.0025156,           0.0025156
                 380,            0.012319,           0.0047472,           0.0013554,             0.99711,             0.99542,             0.99428,             0.91432,           0.0056275,           0.0020383,          0.00012381,           0.0024958,           0.0024958,           0.0024958
                 381,            0.011593,           0.0047394,          0.00099139,             0.99716,             0.99534,             0.99428,             0.91465,           0.0056262,           0.0020375,          0.00012415,            0.002476,            0.002476,            0.002476
                 382,            0.011605,           0.0046649,            0.001249,              0.9971,             0.99538,             0.99428,             0.91515,           0.0056236,           0.0020366,            0.000124,           0.0024562,           0.0024562,           0.0024562
                 383,             0.01164,           0.0047297,           0.0008577,              0.9971,             0.99542,             0.99428,             0.91467,           0.0056245,           0.0020361,          0.00012357,           0.0024364,           0.0024364,           0.0024364
                 384,            0.011878,           0.0048138,           0.0009498,             0.99709,             0.99541,             0.99428,             0.91504,           0.0056239,           0.0020355,          0.00012302,           0.0024166,           0.0024166,           0.0024166
                 385,            0.011964,           0.0048458,          0.00086833,              0.9971,             0.99542,             0.99428,             0.91461,           0.0056219,           0.0020352,          0.00012274,           0.0023968,           0.0023968,           0.0023968
                 386,            0.011657,           0.0047825,           0.0011621,             0.99704,             0.99544,             0.99429,             0.91472,           0.0056208,           0.0020349,          0.00012262,            0.002377,            0.002377,            0.002377
                 387,            0.011671,            0.004766,          0.00097657,               0.997,             0.99543,             0.99429,             0.91437,           0.0056199,           0.0020347,          0.00012255,           0.0023572,           0.0023572,           0.0023572
                 388,            0.011782,           0.0048373,          0.00096735,             0.99694,             0.99545,             0.99429,             0.91467,           0.0056197,           0.0020346,          0.00012262,           0.0023374,           0.0023374,           0.0023374
                 389,            0.011676,           0.0045835,           0.0010964,             0.99689,             0.99548,             0.99429,             0.91434,             0.00562,           0.0020346,          0.00012254,           0.0023176,           0.0023176,           0.0023176
                 390,            0.011458,           0.0046617,            0.001035,             0.99681,             0.99549,             0.99429,             0.91485,           0.0056191,           0.0020349,          0.00012243,           0.0022978,           0.0022978,           0.0022978
                 391,            0.011643,           0.0047363,          0.00087579,              0.9968,             0.99549,             0.99429,             0.91519,           0.0056205,           0.0020355,          0.00012214,            0.002278,            0.002278,            0.002278
                 392,            0.011679,           0.0046413,          0.00085809,             0.99683,             0.99556,             0.99429,             0.91547,           0.0056186,           0.0020357,          0.00012216,           0.0022582,           0.0022582,           0.0022582
                 393,             0.01179,           0.0047163,           0.0010248,             0.99689,             0.99573,             0.99429,             0.91479,           0.0056191,           0.0020362,          0.00012237,           0.0022384,           0.0022384,           0.0022384
                 394,            0.011322,           0.0046127,          0.00092027,             0.99693,             0.99584,             0.99429,             0.91482,           0.0056187,           0.0020363,          0.00012254,           0.0022186,           0.0022186,           0.0022186
                 395,            0.011616,           0.0048116,            0.001155,             0.99697,             0.99592,             0.99429,             0.91473,           0.0056186,           0.0020358,          0.00012259,           0.0021988,           0.0021988,           0.0021988
                 396,            0.011353,           0.0047045,           0.0011645,             0.99706,             0.99593,             0.99429,             0.91534,           0.0056181,           0.0020357,          0.00012284,            0.002179,            0.002179,            0.002179
                 397,            0.011532,            0.004779,          0.00073146,             0.99711,             0.99599,             0.99429,             0.91545,           0.0056179,           0.0020355,          0.00012304,           0.0021592,           0.0021592,           0.0021592
                 398,            0.011478,           0.0046649,          0.00099802,             0.99716,             0.99598,             0.99429,             0.91587,           0.0056181,           0.0020356,          0.00012352,           0.0021394,           0.0021394,           0.0021394
                 399,            0.011561,           0.0046665,          0.00093617,             0.99719,             0.99595,             0.99429,             0.91618,           0.0056185,           0.0020366,           0.0001241,           0.0021196,           0.0021196,           0.0021196
                 400,            0.011955,            0.004786,          0.00088732,             0.99724,             0.99593,             0.99429,             0.91615,           0.0056178,           0.0020367,          0.00012402,           0.0020998,           0.0020998,           0.0020998
                 401,            0.011583,           0.0046026,          0.00094025,             0.99729,             0.99594,             0.99429,              0.9165,           0.0056172,           0.0020365,          0.00012437,             0.00208,             0.00208,             0.00208
                 402,            0.011379,           0.0047718,            0.001102,             0.99728,             0.99598,             0.99429,             0.91672,           0.0056166,           0.0020365,          0.00012488,           0.0020602,           0.0020602,           0.0020602
                 403,            0.011154,           0.0047342,          0.00099836,             0.99727,             0.99597,             0.99429,             0.91682,            0.005616,           0.0020369,          0.00012519,           0.0020404,           0.0020404,           0.0020404
                 404,            0.011243,           0.0046304,           0.0010044,             0.99728,               0.996,             0.99429,             0.91706,           0.0056164,           0.0020372,          0.00012552,           0.0020206,           0.0020206,           0.0020206
                 405,            0.011447,           0.0046024,          0.00097332,              0.9973,             0.99604,             0.99429,             0.91672,           0.0056159,           0.0020373,           0.0001262,           0.0020008,           0.0020008,           0.0020008
                 406,            0.011615,           0.0047511,           0.0010682,             0.99733,             0.99606,             0.99429,             0.91665,           0.0056163,           0.0020372,          0.00012657,            0.001981,            0.001981,            0.001981
                 407,            0.011379,           0.0047166,          0.00082737,             0.99731,             0.99609,             0.99429,             0.91593,           0.0056168,           0.0020372,          0.00012699,           0.0019612,           0.0019612,           0.0019612
                 408,            0.011166,           0.0046298,           0.0010046,             0.99732,             0.99607,             0.99429,             0.91617,           0.0056151,           0.0020377,          0.00012768,           0.0019414,           0.0019414,           0.0019414
                 409,            0.011383,           0.0044832,            0.001067,             0.99733,             0.99603,             0.99429,             0.91616,           0.0056155,           0.0020377,          0.00012797,           0.0019216,           0.0019216,           0.0019216
                 410,            0.011213,           0.0046303,           0.0007489,             0.99732,               0.996,             0.99429,             0.91539,           0.0056151,           0.0020379,          0.00012797,           0.0019018,           0.0019018,           0.0019018
                 411,            0.011219,           0.0046214,          0.00094779,             0.99733,             0.99598,             0.99429,             0.91582,           0.0056149,           0.0020384,          0.00012788,            0.001882,            0.001882,            0.001882
                 412,            0.011063,           0.0046067,          0.00083663,             0.99735,             0.99595,             0.99429,             0.91583,           0.0056158,           0.0020385,          0.00012782,           0.0018622,           0.0018622,           0.0018622
                 413,            0.011008,           0.0045993,          0.00080372,             0.99736,             0.99596,             0.99429,             0.91525,           0.0056152,           0.0020385,           0.0001278,           0.0018424,           0.0018424,           0.0018424
                 414,            0.011116,           0.0044932,           0.0010297,             0.99734,             0.99593,             0.99429,             0.91567,           0.0056161,           0.0020384,          0.00012812,           0.0018226,           0.0018226,           0.0018226
                 415,            0.011105,           0.0044996,          0.00095365,             0.99735,              0.9959,             0.99429,             0.91564,            0.005616,           0.0020389,          0.00012819,           0.0018028,           0.0018028,           0.0018028
                 416,            0.010842,           0.0045362,          0.00079032,             0.99736,             0.99586,             0.99429,             0.91559,           0.0056154,           0.0020389,          0.00012856,            0.001783,            0.001783,            0.001783
                 417,            0.010921,           0.0045197,           0.0007236,             0.99734,             0.99583,             0.99429,             0.91543,           0.0056151,           0.0020386,           0.0001288,           0.0017632,           0.0017632,           0.0017632
                 418,            0.011088,           0.0044959,           0.0007967,             0.99737,             0.99581,             0.99429,             0.91535,           0.0056154,           0.0020387,          0.00012906,           0.0017434,           0.0017434,           0.0017434
                 419,            0.011161,           0.0045451,          0.00077389,             0.99737,              0.9958,             0.99429,              0.9156,           0.0056154,           0.0020388,          0.00012947,           0.0017236,           0.0017236,           0.0017236
                 420,            0.011261,           0.0045466,           0.0011008,             0.99738,             0.99577,             0.99429,             0.91539,           0.0056147,           0.0020391,          0.00013021,           0.0017038,           0.0017038,           0.0017038
                 421,            0.011044,           0.0045603,           0.0009334,             0.99739,             0.99575,             0.99429,             0.91523,           0.0056163,           0.0020393,          0.00013075,            0.001684,            0.001684,            0.001684
                 422,            0.011285,           0.0045871,          0.00066113,             0.99739,             0.99573,             0.99429,             0.91517,           0.0056174,           0.0020396,          0.00013127,           0.0016642,           0.0016642,           0.0016642
                 423,            0.011076,            0.004518,           0.0010332,             0.99741,             0.99572,             0.99429,             0.91548,           0.0056182,           0.0020399,          0.00013126,           0.0016444,           0.0016444,           0.0016444
                 424,            0.010868,           0.0044264,          0.00096026,             0.99742,             0.99573,             0.99429,             0.91533,           0.0056174,           0.0020403,          0.00013137,           0.0016246,           0.0016246,           0.0016246
                 425,            0.010844,           0.0044308,           0.0011552,             0.99744,              0.9957,             0.99429,             0.91556,           0.0056185,           0.0020405,          0.00013173,           0.0016048,           0.0016048,           0.0016048
                 426,            0.010714,           0.0045059,          0.00087991,             0.99744,             0.99569,             0.99429,             0.91557,           0.0056171,           0.0020407,          0.00013238,            0.001585,            0.001585,            0.001585
                 427,            0.011043,           0.0044972,          0.00095081,             0.99745,             0.99569,              0.9943,             0.91574,           0.0056176,           0.0020406,          0.00013253,           0.0015652,           0.0015652,           0.0015652
                 428,            0.010867,           0.0045146,          0.00084584,             0.99749,             0.99566,              0.9943,             0.91592,           0.0056177,           0.0020406,          0.00013293,           0.0015454,           0.0015454,           0.0015454
                 429,            0.011086,           0.0045767,           0.0010482,              0.9975,             0.99565,              0.9943,             0.91582,           0.0056183,           0.0020409,          0.00013315,           0.0015256,           0.0015256,           0.0015256
                 430,            0.010576,           0.0044364,          0.00072664,             0.99753,             0.99561,              0.9943,             0.91549,           0.0056184,            0.002041,          0.00013395,           0.0015058,           0.0015058,           0.0015058
                 431,            0.010997,            0.004593,          0.00069837,             0.99756,             0.99557,              0.9943,              0.9154,           0.0056189,           0.0020416,          0.00013449,            0.001486,            0.001486,            0.001486
                 432,             0.01087,           0.0045524,          0.00089819,             0.99754,             0.99557,              0.9943,             0.91597,           0.0056195,            0.002042,          0.00013518,           0.0014662,           0.0014662,           0.0014662
                 433,            0.010481,           0.0044782,          0.00093513,             0.99758,             0.99555,              0.9943,             0.91599,           0.0056192,           0.0020424,          0.00013533,           0.0014464,           0.0014464,           0.0014464
                 434,            0.010882,           0.0045394,            0.000803,             0.99759,             0.99553,              0.9943,             0.91573,           0.0056199,           0.0020427,          0.00013565,           0.0014266,           0.0014266,           0.0014266
                 435,            0.010571,           0.0046008,          0.00070397,             0.99758,             0.99554,              0.9943,             0.91626,           0.0056211,           0.0020433,          0.00013606,           0.0014068,           0.0014068,           0.0014068
                 436,            0.010528,           0.0043712,          0.00080794,             0.99756,             0.99554,              0.9943,             0.91548,           0.0056214,           0.0020437,          0.00013623,            0.001387,            0.001387,            0.001387
                 437,            0.010694,           0.0043704,           0.0007614,             0.99757,             0.99554,              0.9943,             0.91582,           0.0056196,           0.0020437,          0.00013649,           0.0013672,           0.0013672,           0.0013672
                 438,            0.010692,           0.0044164,          0.00080363,             0.99757,             0.99555,              0.9943,             0.91603,           0.0056198,           0.0020438,          0.00013662,           0.0013474,           0.0013474,           0.0013474
                 439,            0.010798,           0.0045109,          0.00074275,             0.99757,             0.99554,              0.9943,             0.91577,           0.0056205,           0.0020441,          0.00013682,           0.0013276,           0.0013276,           0.0013276
                 440,            0.010573,           0.0044514,          0.00078076,             0.99759,             0.99554,              0.9943,             0.91601,           0.0056202,           0.0020442,          0.00013716,           0.0013078,           0.0013078,           0.0013078
                 441,            0.010723,           0.0045016,          0.00067114,             0.99761,             0.99552,              0.9943,             0.91511,           0.0056212,           0.0020447,          0.00013772,            0.001288,            0.001288,            0.001288
                 442,            0.010809,           0.0044085,          0.00055419,              0.9976,             0.99552,              0.9943,             0.91543,           0.0056213,           0.0020452,          0.00013812,           0.0012682,           0.0012682,           0.0012682
                 443,            0.010471,            0.004448,          0.00081228,             0.99761,             0.99552,              0.9943,             0.91529,           0.0056223,           0.0020454,          0.00013849,           0.0012484,           0.0012484,           0.0012484
                 444,            0.010393,           0.0043559,          0.00090413,              0.9976,             0.99554,              0.9943,             0.91494,           0.0056216,           0.0020456,           0.0001385,           0.0012286,           0.0012286,           0.0012286
                 445,            0.010552,           0.0043937,          0.00093092,             0.99761,             0.99555,              0.9943,               0.915,           0.0056225,           0.0020457,          0.00013856,           0.0012088,           0.0012088,           0.0012088
                 446,            0.010413,           0.0043579,           0.0009202,             0.99759,             0.99559,              0.9943,             0.91539,           0.0056228,           0.0020457,          0.00013848,            0.001189,            0.001189,            0.001189
                 447,            0.010471,           0.0044668,           0.0008169,              0.9976,              0.9956,              0.9943,             0.91537,            0.005624,           0.0020459,            0.000138,           0.0011692,           0.0011692,           0.0011692
                 448,            0.010411,           0.0043996,          0.00077921,             0.99761,             0.99562,              0.9943,             0.91554,           0.0056245,           0.0020462,          0.00013809,           0.0011494,           0.0011494,           0.0011494
                 449,            0.010602,           0.0043267,          0.00067245,             0.99762,             0.99563,              0.9943,             0.91555,           0.0056256,           0.0020463,          0.00013829,           0.0011296,           0.0011296,           0.0011296
                 450,            0.010347,           0.0044292,          0.00054972,             0.99761,             0.99566,              0.9943,             0.91618,           0.0056261,           0.0020464,          0.00013807,           0.0011098,           0.0011098,           0.0011098
                 451,            0.010694,           0.0043668,          0.00067987,             0.99761,             0.99568,              0.9943,             0.91601,           0.0056272,           0.0020468,          0.00013827,             0.00109,             0.00109,             0.00109
                 452,            0.010149,           0.0043218,          0.00047271,             0.99762,             0.99568,              0.9943,             0.91603,           0.0056277,            0.002047,          0.00013811,           0.0010702,           0.0010702,           0.0010702
                 453,            0.010505,           0.0043344,           0.0007133,             0.99761,             0.99571,              0.9943,             0.91631,           0.0056282,           0.0020471,          0.00013792,           0.0010504,           0.0010504,           0.0010504
                 454,            0.010221,           0.0043228,          0.00054322,              0.9976,             0.99573,              0.9943,             0.91629,           0.0056283,           0.0020475,          0.00013781,           0.0010306,           0.0010306,           0.0010306
                 455,            0.010272,           0.0042984,          0.00056615,              0.9976,             0.99576,             0.99431,             0.91704,           0.0056294,           0.0020478,          0.00013769,           0.0010108,           0.0010108,           0.0010108
                 456,            0.010085,           0.0043451,          0.00043493,             0.99761,             0.99577,             0.99431,             0.91662,           0.0056295,           0.0020482,          0.00013762,            0.000991,            0.000991,            0.000991
                 457,             0.01032,           0.0043537,          0.00063782,             0.99763,             0.99578,             0.99431,             0.91685,           0.0056314,           0.0020486,          0.00013757,           0.0009712,           0.0009712,           0.0009712
                 458,            0.010411,           0.0043523,          0.00079981,             0.99762,             0.99581,             0.99431,             0.91635,           0.0056324,           0.0020487,          0.00013729,           0.0009514,           0.0009514,           0.0009514
                 459,            0.010391,           0.0042508,          0.00057252,             0.99761,             0.99583,             0.99431,             0.91652,           0.0056334,            0.002049,          0.00013749,           0.0009316,           0.0009316,           0.0009316
                 460,            0.010351,           0.0044678,          0.00059652,             0.99762,             0.99585,             0.99431,               0.917,           0.0056342,           0.0020492,          0.00013707,           0.0009118,           0.0009118,           0.0009118
                 461,           0.0098485,           0.0043133,          0.00051714,             0.99761,             0.99588,             0.99431,             0.91721,           0.0056329,           0.0020492,          0.00013722,            0.000892,            0.000892,            0.000892
                 462,            0.010037,           0.0042587,          0.00084555,             0.99762,             0.99589,             0.99431,             0.91674,           0.0056348,           0.0020499,          0.00013681,           0.0008722,           0.0008722,           0.0008722
                 463,            0.010015,           0.0043786,          0.00066904,             0.99764,              0.9959,             0.99431,             0.91673,           0.0056346,           0.0020501,          0.00013701,           0.0008524,           0.0008524,           0.0008524
                 464,           0.0098849,           0.0043317,          0.00066206,             0.99763,             0.99592,             0.99431,             0.91697,           0.0056363,           0.0020505,          0.00013669,           0.0008326,           0.0008326,           0.0008326
                 465,           0.0099812,            0.004369,          0.00092974,             0.99764,             0.99594,             0.99431,             0.91709,            0.005636,           0.0020509,          0.00013669,           0.0008128,           0.0008128,           0.0008128
                 466,           0.0098311,           0.0042778,          0.00049567,             0.99765,             0.99596,             0.99431,             0.91734,           0.0056366,           0.0020513,          0.00013645,            0.000793,            0.000793,            0.000793
                 467,            0.010039,           0.0041955,          0.00063434,             0.99766,             0.99596,             0.99432,             0.91707,           0.0056372,           0.0020516,          0.00013656,           0.0007732,           0.0007732,           0.0007732
                 468,            0.010197,           0.0041847,          0.00064856,             0.99766,             0.99596,             0.99432,             0.91658,           0.0056376,           0.0020519,           0.0001364,           0.0007534,           0.0007534,           0.0007534
                 469,            0.010283,           0.0042994,          0.00050234,             0.99767,             0.99596,             0.99432,             0.91742,           0.0056377,           0.0020522,          0.00013616,           0.0007336,           0.0007336,           0.0007336
                 470,           0.0097748,           0.0043415,          0.00039258,             0.99765,             0.99597,             0.99432,             0.91706,           0.0056375,           0.0020527,          0.00013602,           0.0007138,           0.0007138,           0.0007138
                 471,             0.01011,           0.0043808,          0.00056598,             0.99768,             0.99597,             0.99432,             0.91689,           0.0056377,           0.0020533,          0.00013601,            0.000694,            0.000694,            0.000694
                 472,            0.010138,            0.004464,          0.00054836,             0.99768,             0.99597,             0.99432,             0.91703,           0.0056382,           0.0020534,          0.00013555,           0.0006742,           0.0006742,           0.0006742
                 473,           0.0098543,           0.0042489,          0.00050061,              0.9977,             0.99597,             0.99432,             0.91702,           0.0056395,           0.0020539,           0.0001355,           0.0006544,           0.0006544,           0.0006544
                 474,           0.0099386,           0.0042068,          0.00056966,              0.9977,             0.99597,             0.99432,             0.91695,           0.0056403,           0.0020544,          0.00013538,           0.0006346,           0.0006346,           0.0006346
                 475,            0.010049,            0.004244,          0.00046354,             0.99769,             0.99598,             0.99432,             0.91655,            0.005639,           0.0020549,          0.00013543,           0.0006148,           0.0006148,           0.0006148
                 476,           0.0098866,           0.0043098,          0.00065765,             0.99769,             0.99598,             0.99433,             0.91662,           0.0056405,           0.0020552,          0.00013528,            0.000595,            0.000595,            0.000595
                 477,           0.0096648,           0.0041879,            0.000562,              0.9977,             0.99599,             0.99433,              0.9167,           0.0056413,           0.0020557,          0.00013502,           0.0005752,           0.0005752,           0.0005752
                 478,            0.010049,           0.0043466,          0.00054236,             0.99772,             0.99598,             0.99433,             0.91685,           0.0056394,           0.0020561,          0.00013537,           0.0005554,           0.0005554,           0.0005554
                 479,            0.009761,           0.0041564,          0.00057078,             0.99773,             0.99598,             0.99433,             0.91655,           0.0056414,           0.0020566,          0.00013521,           0.0005356,           0.0005356,           0.0005356
                 480,           0.0094939,           0.0040314,           0.0004608,             0.99774,             0.99598,             0.99433,             0.91679,           0.0056426,           0.0020572,          0.00013525,           0.0005158,           0.0005158,           0.0005158
                 481,           0.0099602,           0.0043045,          0.00063869,             0.99772,             0.99599,             0.99433,             0.91689,           0.0056419,           0.0020572,          0.00013523,            0.000496,            0.000496,            0.000496
                 482,           0.0094757,           0.0042307,          0.00042247,             0.99773,             0.99599,             0.99433,             0.91715,           0.0056431,            0.002058,          0.00013484,           0.0004762,           0.0004762,           0.0004762
                 483,           0.0099656,           0.0042339,          0.00065036,             0.99773,               0.996,             0.99433,             0.91718,           0.0056429,           0.0020584,          0.00013481,           0.0004564,           0.0004564,           0.0004564
                 484,           0.0097657,           0.0041923,          0.00057455,             0.99772,               0.996,             0.99433,             0.91703,           0.0056422,           0.0020587,          0.00013514,           0.0004366,           0.0004366,           0.0004366
                 485,           0.0095159,           0.0041505,          0.00035122,             0.99773,             0.99601,             0.99433,             0.91673,           0.0056427,           0.0020593,          0.00013507,           0.0004168,           0.0004168,           0.0004168
                 486,           0.0098997,           0.0042095,          0.00040596,             0.99774,             0.99602,             0.99434,             0.91653,           0.0056436,           0.0020596,          0.00013483,            0.000397,            0.000397,            0.000397
                 487,           0.0098513,           0.0041221,          0.00046363,             0.99775,             0.99602,             0.99434,             0.91603,           0.0056433,           0.0020602,          0.00013492,           0.0003772,           0.0003772,           0.0003772
                 488,           0.0096843,           0.0042185,          0.00053164,             0.99776,             0.99603,             0.99434,              0.9165,           0.0056427,           0.0020604,          0.00013468,           0.0003574,           0.0003574,           0.0003574
                 489,           0.0097742,            0.004055,          0.00048033,             0.99777,             0.99604,             0.99434,              0.9165,           0.0056441,           0.0020609,          0.00013472,           0.0003376,           0.0003376,           0.0003376
                 490,           0.0093364,           0.0042617,          0.00049392,             0.99775,             0.99606,             0.99434,             0.91647,           0.0056437,           0.0020614,          0.00013471,           0.0003178,           0.0003178,           0.0003178
                 491,           0.0093784,           0.0042103,          0.00042307,             0.99775,             0.99606,             0.99435,             0.91651,           0.0056425,           0.0020618,          0.00013417,            0.000298,            0.000298,            0.000298
                 492,           0.0096523,           0.0042337,          0.00060556,             0.99776,             0.99603,             0.99435,             0.91649,           0.0056433,           0.0020621,          0.00013419,           0.0002782,           0.0002782,           0.0002782
                 493,            0.009645,           0.0041607,          0.00061292,             0.99775,             0.99605,             0.99435,             0.91639,           0.0056437,           0.0020624,           0.0001339,           0.0002584,           0.0002584,           0.0002584
                 494,           0.0093993,           0.0041261,          0.00039118,             0.99775,             0.99607,             0.99435,             0.91666,           0.0056444,            0.002063,          0.00013385,           0.0002386,           0.0002386,           0.0002386
                 495,           0.0096793,           0.0041342,           0.0004071,             0.99774,             0.99608,             0.99435,             0.91714,           0.0056435,           0.0020635,          0.00013395,           0.0002188,           0.0002188,           0.0002188
                 496,           0.0094046,           0.0041165,          0.00037361,             0.99773,             0.99611,             0.99436,             0.91684,           0.0056436,            0.002064,          0.00013344,            0.000199,            0.000199,            0.000199
                 497,           0.0095463,           0.0042733,          0.00035197,             0.99774,             0.99608,             0.99436,             0.91693,           0.0056438,           0.0020647,          0.00013352,           0.0001792,           0.0001792,           0.0001792
                 498,           0.0095556,            0.004138,          0.00051947,             0.99773,             0.99611,             0.99436,             0.91705,           0.0056444,            0.002065,          0.00013322,           0.0001594,           0.0001594,           0.0001594
                 499,           0.0093577,           0.0041985,          0.00044309,             0.99774,             0.99612,             0.99436,             0.91711,           0.0056445,           0.0020654,          0.00013351,           0.0001396,           0.0001396,           0.0001396
